tid	face_value	cancel_datetime	oid
1	42.00	\N	1
2	87.00	\N	1
3	87.00	\N	1
4	44.00	\N	2
5	89.00	\N	2
6	89.00	\N	2
7	40.00	\N	3
8	85.00	\N	3
9	47.00	\N	4
10	67.00	\N	4
11	34.00	\N	5
12	94.00	\N	5
13	45.00	\N	6
14	90.00	\N	6
15	52.00	\N	7
16	52.00	\N	7
17	52.00	\N	7
18	54.00	\N	8
19	54.00	\N	8
20	54.00	\N	8
21	50.00	\N	9
22	95.00	\N	9
23	50.00	\N	9
24	59.00	\N	10
25	104.00	\N	10
26	100.00	\N	11
27	100.00	\N	11
28	62.00	\N	12
29	62.00	\N	12
30	64.00	\N	13
31	64.00	\N	13
32	64.00	\N	13
33	64.00	\N	13
34	45.00	\N	14
35	60.00	\N	14
36	60.00	\N	14
37	82.00	\N	15
38	82.00	\N	15
39	82.00	\N	15
40	39.00	\N	16
41	84.00	\N	16
42	39.00	\N	16
43	80.00	\N	17
44	35.00	\N	17
45	42.00	\N	18
46	42.00	\N	18
47	64.00	2026-05-29 22:45:17	19
48	64.00	\N	19
49	64.00	\N	19
50	44.00	\N	19
51	64.00	\N	19
52	44.00	\N	19
53	64.00	\N	19
54	64.00	\N	19
55	64.00	\N	19
56	64.00	\N	19
57	64.00	\N	19
58	44.00	\N	19
59	44.00	\N	19
60	64.00	\N	19
61	44.00	\N	19
62	64.00	\N	19
63	44.00	\N	19
64	64.00	\N	19
65	40.00	\N	20
66	40.00	\N	20
67	40.00	\N	20
68	40.00	\N	20
69	40.00	\N	20
70	40.00	\N	20
71	40.00	\N	20
72	40.00	\N	20
73	40.00	\N	20
74	40.00	\N	20
75	40.00	\N	20
76	40.00	\N	20
77	40.00	\N	20
78	40.00	\N	20
79	40.00	\N	20
80	40.00	\N	20
81	52.00	2026-03-27 18:48:41	21
82	97.00	\N	21
83	97.00	\N	21
84	52.00	\N	21
85	97.00	\N	21
86	97.00	\N	21
87	52.00	\N	21
88	97.00	\N	21
89	97.00	\N	21
90	52.00	\N	21
91	97.00	\N	21
92	97.00	\N	21
93	52.00	\N	21
94	97.00	\N	21
95	97.00	\N	21
96	50.00	\N	22
97	95.00	\N	22
98	95.00	\N	22
99	50.00	\N	22
100	95.00	\N	22
101	95.00	\N	22
102	50.00	\N	22
103	95.00	\N	22
104	95.00	\N	22
105	50.00	\N	22
106	95.00	\N	22
107	95.00	\N	22
108	50.00	\N	22
109	95.00	\N	22
110	57.00	2026-02-12 14:04:55	23
111	77.00	\N	23
112	102.00	\N	23
113	57.00	\N	23
114	102.00	\N	23
115	102.00	\N	23
116	57.00	\N	23
117	77.00	\N	23
118	102.00	\N	23
119	57.00	\N	23
120	77.00	\N	23
121	102.00	\N	23
122	42.00	\N	24
123	42.00	\N	24
124	44.00	\N	25
125	44.00	\N	25
126	44.00	\N	25
127	40.00	\N	26
128	40.00	\N	26
129	40.00	\N	26
130	40.00	\N	26
131	47.00	\N	27
132	47.00	\N	27
133	47.00	\N	27
134	47.00	\N	27
135	47.00	\N	27
136	34.00	\N	28
137	34.00	\N	28
138	89.00	\N	29
139	89.00	\N	29
140	89.00	\N	29
141	40.00	\N	30
142	40.00	\N	30
143	40.00	\N	30
144	40.00	\N	30
145	92.00	\N	31
146	47.00	\N	31
147	92.00	\N	31
148	92.00	\N	31
149	47.00	\N	31
150	49.00	\N	32
151	49.00	\N	32
152	45.00	\N	33
153	45.00	\N	33
154	45.00	\N	33
155	45.00	\N	34
156	90.00	\N	34
157	45.00	\N	34
158	90.00	\N	34
159	45.00	\N	34
160	45.00	\N	34
161	90.00	\N	35
162	45.00	\N	36
163	45.00	\N	36
164	45.00	\N	36
165	45.00	\N	36
166	45.00	\N	37
167	45.00	\N	37
168	90.00	\N	38
169	90.00	\N	38
170	90.00	\N	38
171	45.00	\N	38
172	45.00	\N	38
173	90.00	\N	38
174	45.00	\N	39
175	45.00	\N	39
176	90.00	\N	39
177	90.00	\N	40
178	45.00	\N	40
179	45.00	\N	40
180	90.00	\N	40
181	90.00	\N	40
182	45.00	\N	40
183	45.00	\N	41
184	45.00	\N	42
185	45.00	\N	42
186	45.00	\N	42
187	45.00	\N	43
188	45.00	\N	43
189	45.00	\N	44
190	45.00	\N	44
191	45.00	\N	44
192	45.00	\N	44
193	90.00	\N	44
194	90.00	\N	44
195	45.00	\N	45
196	52.00	\N	46
197	52.00	\N	46
198	52.00	\N	46
199	52.00	\N	46
200	52.00	\N	47
201	52.00	\N	47
202	52.00	\N	47
203	52.00	\N	48
204	52.00	\N	48
205	52.00	\N	48
206	52.00	\N	48
207	52.00	\N	48
208	52.00	\N	49
209	97.00	\N	49
210	52.00	\N	49
211	52.00	\N	49
212	52.00	\N	49
213	52.00	\N	50
214	97.00	\N	50
215	52.00	\N	50
216	52.00	\N	51
217	52.00	\N	52
218	52.00	\N	52
219	52.00	\N	52
220	52.00	\N	52
221	97.00	\N	52
222	52.00	\N	52
223	52.00	\N	53
224	52.00	\N	53
225	97.00	\N	53
226	52.00	\N	53
227	52.00	\N	53
228	52.00	\N	53
229	97.00	\N	54
230	52.00	\N	54
231	52.00	\N	54
232	52.00	\N	54
233	52.00	\N	54
234	52.00	\N	55
235	52.00	\N	55
236	52.00	\N	56
237	52.00	\N	56
238	54.00	\N	57
239	54.00	\N	57
240	54.00	\N	58
241	54.00	\N	58
242	54.00	\N	58
243	99.00	\N	59
244	54.00	\N	59
245	54.00	\N	59
246	54.00	\N	59
247	54.00	\N	60
248	99.00	\N	61
249	54.00	\N	61
250	54.00	\N	61
251	54.00	\N	62
252	99.00	\N	62
253	54.00	\N	62
254	54.00	\N	62
255	54.00	\N	62
256	54.00	\N	62
257	54.00	\N	63
258	54.00	\N	63
259	54.00	\N	63
260	99.00	\N	63
261	54.00	\N	64
262	54.00	\N	65
263	54.00	\N	65
264	99.00	\N	66
265	54.00	\N	66
266	54.00	\N	66
267	54.00	\N	67
268	99.00	\N	67
269	54.00	\N	67
270	54.00	\N	67
271	54.00	\N	67
272	54.00	\N	68
273	99.00	\N	68
274	54.00	\N	68
275	54.00	\N	68
276	54.00	\N	69
277	54.00	\N	69
278	54.00	\N	70
279	99.00	\N	70
280	54.00	\N	70
281	50.00	\N	71
282	50.00	\N	71
283	50.00	\N	71
284	50.00	\N	72
285	50.00	\N	73
286	50.00	\N	74
287	50.00	\N	75
288	50.00	\N	75
289	50.00	\N	75
290	95.00	\N	75
291	50.00	\N	75
292	50.00	\N	76
293	50.00	\N	76
294	50.00	\N	76
295	50.00	\N	77
296	50.00	\N	78
297	50.00	\N	78
298	95.00	\N	78
299	50.00	\N	79
300	50.00	\N	79
301	50.00	\N	79
302	50.00	\N	79
303	50.00	\N	79
304	50.00	\N	79
305	50.00	\N	80
306	50.00	\N	80
307	50.00	\N	80
308	50.00	\N	81
309	50.00	\N	81
310	50.00	\N	81
311	50.00	\N	81
312	50.00	\N	82
313	50.00	\N	82
314	50.00	\N	82
315	50.00	\N	82
316	50.00	\N	83
317	50.00	\N	83
318	50.00	\N	83
319	50.00	\N	83
320	50.00	\N	83
321	50.00	\N	83
322	95.00	\N	84
323	50.00	\N	84
324	50.00	\N	84
325	59.00	\N	85
326	104.00	\N	86
327	59.00	\N	86
328	104.00	\N	87
329	104.00	\N	87
330	104.00	\N	87
331	104.00	\N	87
332	59.00	\N	87
333	59.00	\N	88
334	104.00	\N	89
335	104.00	\N	89
336	59.00	\N	89
337	59.00	\N	89
338	59.00	\N	89
339	59.00	\N	90
340	59.00	\N	91
341	59.00	\N	92
342	59.00	\N	92
343	104.00	\N	93
344	104.00	\N	94
345	104.00	\N	94
346	59.00	\N	94
347	59.00	\N	94
348	59.00	\N	95
349	104.00	\N	95
350	59.00	\N	96
351	59.00	\N	96
352	59.00	\N	96
353	104.00	\N	97
354	104.00	\N	98
355	59.00	\N	98
356	59.00	\N	98
357	104.00	\N	98
358	59.00	\N	98
359	59.00	\N	98
360	104.00	\N	99
361	104.00	\N	99
362	104.00	\N	99
363	104.00	\N	100
364	104.00	\N	100
365	104.00	\N	101
366	104.00	\N	101
367	59.00	\N	102
368	104.00	\N	102
369	104.00	\N	102
370	104.00	\N	102
371	100.00	\N	103
372	100.00	\N	103
373	55.00	\N	103
374	55.00	\N	103
375	100.00	\N	103
376	100.00	\N	103
377	100.00	\N	104
378	100.00	\N	104
379	55.00	\N	104
380	55.00	\N	104
381	100.00	\N	104
382	100.00	\N	105
383	100.00	\N	105
384	55.00	\N	105
385	55.00	\N	105
386	55.00	\N	105
387	100.00	\N	105
388	55.00	\N	106
389	55.00	\N	106
390	100.00	\N	107
391	100.00	\N	107
392	55.00	\N	107
393	55.00	\N	108
394	100.00	\N	108
395	55.00	\N	109
396	100.00	\N	109
397	55.00	\N	110
398	100.00	\N	111
399	55.00	\N	111
400	100.00	\N	111
401	55.00	\N	111
402	55.00	\N	111
403	55.00	\N	112
404	100.00	\N	112
405	100.00	\N	112
406	100.00	\N	112
407	100.00	\N	112
408	100.00	\N	112
409	55.00	\N	113
410	100.00	\N	113
411	55.00	\N	113
412	100.00	\N	113
413	55.00	\N	114
414	100.00	\N	114
415	55.00	\N	114
416	100.00	\N	114
417	100.00	\N	114
418	62.00	\N	115
419	62.00	\N	116
420	62.00	\N	117
421	62.00	\N	117
422	62.00	\N	117
423	62.00	\N	117
424	62.00	\N	117
425	62.00	\N	118
426	62.00	\N	118
427	62.00	\N	118
428	62.00	\N	118
429	62.00	\N	119
430	62.00	\N	119
431	62.00	\N	119
432	62.00	\N	119
433	62.00	\N	119
434	62.00	\N	119
435	62.00	\N	120
436	62.00	\N	120
437	62.00	\N	120
438	62.00	\N	120
439	62.00	\N	120
440	62.00	\N	120
441	62.00	\N	121
442	62.00	\N	121
443	62.00	\N	121
444	62.00	\N	121
445	62.00	\N	122
446	62.00	\N	122
447	62.00	\N	122
448	62.00	\N	122
449	62.00	\N	123
450	62.00	\N	123
451	62.00	\N	123
452	62.00	\N	123
453	62.00	\N	123
454	62.00	\N	124
455	62.00	\N	124
456	62.00	\N	125
457	62.00	\N	125
458	62.00	\N	126
459	62.00	\N	126
460	62.00	\N	126
461	62.00	\N	127
462	62.00	\N	127
463	62.00	\N	128
464	62.00	\N	128
465	62.00	\N	129
466	64.00	\N	130
467	64.00	\N	130
468	64.00	\N	130
469	64.00	\N	130
470	64.00	\N	130
471	64.00	\N	131
472	64.00	\N	131
473	64.00	\N	131
474	64.00	\N	132
475	64.00	\N	133
476	64.00	\N	133
477	64.00	\N	133
478	64.00	\N	133
479	64.00	\N	133
480	64.00	\N	134
481	64.00	\N	134
482	64.00	\N	135
483	64.00	\N	135
484	64.00	\N	135
485	64.00	\N	135
486	64.00	\N	135
487	64.00	\N	135
488	64.00	\N	136
489	64.00	\N	136
490	64.00	\N	136
491	64.00	\N	136
492	64.00	\N	136
493	64.00	\N	137
494	64.00	\N	137
495	64.00	\N	137
496	64.00	\N	137
497	64.00	\N	137
498	64.00	\N	137
499	64.00	\N	138
500	64.00	\N	138
501	64.00	\N	138
502	64.00	\N	138
503	64.00	\N	138
504	64.00	\N	139
505	64.00	\N	139
506	64.00	\N	139
507	64.00	\N	139
508	64.00	\N	139
509	64.00	\N	139
510	64.00	\N	140
511	64.00	\N	140
512	64.00	\N	140
513	64.00	\N	140
514	64.00	\N	141
515	45.00	\N	142
516	60.00	\N	142
517	60.00	\N	143
518	60.00	\N	143
519	45.00	\N	143
520	60.00	\N	144
521	60.00	\N	144
522	60.00	\N	144
523	45.00	\N	144
524	60.00	\N	145
525	60.00	\N	145
526	60.00	\N	146
527	45.00	\N	146
528	60.00	\N	147
529	60.00	\N	147
530	60.00	\N	147
531	45.00	\N	147
532	60.00	\N	147
533	60.00	\N	148
534	60.00	\N	148
535	45.00	\N	148
536	60.00	\N	149
537	60.00	\N	149
538	60.00	\N	149
539	45.00	\N	150
540	60.00	\N	150
541	60.00	\N	150
542	60.00	\N	150
543	45.00	\N	151
544	60.00	\N	151
545	60.00	\N	151
546	60.00	\N	151
547	45.00	\N	152
548	60.00	\N	152
549	60.00	\N	152
550	60.00	\N	152
551	45.00	\N	152
552	60.00	\N	153
553	60.00	\N	153
554	60.00	\N	153
555	45.00	\N	153
556	60.00	\N	153
557	60.00	\N	153
558	60.00	\N	154
559	45.00	\N	154
560	60.00	\N	154
561	60.00	\N	154
562	60.00	\N	155
563	45.00	\N	155
564	60.00	\N	156
565	82.00	\N	157
566	82.00	\N	157
567	82.00	\N	157
568	82.00	\N	157
569	37.00	\N	157
570	37.00	\N	157
571	82.00	\N	158
572	37.00	\N	158
573	82.00	\N	158
574	82.00	\N	158
575	82.00	\N	159
576	82.00	\N	159
577	37.00	\N	159
578	82.00	\N	159
579	82.00	\N	159
580	82.00	\N	159
581	82.00	\N	160
582	82.00	\N	160
583	82.00	\N	160
584	82.00	\N	161
585	82.00	\N	161
586	82.00	\N	161
587	82.00	\N	161
588	82.00	\N	162
589	37.00	\N	162
590	37.00	\N	162
591	82.00	\N	162
592	82.00	\N	162
593	82.00	\N	163
594	82.00	\N	163
595	82.00	\N	164
596	82.00	\N	164
597	82.00	\N	165
598	82.00	\N	165
599	82.00	\N	165
600	82.00	\N	165
601	82.00	\N	165
602	82.00	\N	165
603	82.00	\N	166
604	82.00	\N	166
605	82.00	\N	167
606	82.00	\N	167
607	82.00	\N	167
608	82.00	\N	167
609	82.00	\N	167
610	37.00	\N	168
611	37.00	\N	168
612	37.00	\N	168
613	37.00	\N	169
614	82.00	\N	169
615	82.00	\N	170
616	84.00	\N	171
617	84.00	\N	171
618	84.00	\N	172
619	84.00	\N	172
620	84.00	\N	172
621	84.00	\N	173
622	39.00	\N	173
623	39.00	\N	173
624	84.00	\N	173
625	84.00	\N	173
626	84.00	\N	173
627	84.00	\N	174
628	39.00	\N	174
629	84.00	\N	175
630	39.00	\N	176
631	84.00	\N	176
632	84.00	\N	176
633	84.00	\N	176
634	84.00	\N	176
635	39.00	\N	177
636	84.00	\N	177
637	84.00	\N	177
638	84.00	\N	177
639	84.00	\N	178
640	84.00	\N	178
641	84.00	\N	178
642	84.00	\N	178
643	84.00	\N	179
644	84.00	\N	179
645	39.00	\N	179
646	84.00	\N	179
647	84.00	\N	179
648	84.00	\N	180
649	84.00	\N	181
650	84.00	\N	181
651	84.00	\N	181
652	84.00	\N	181
653	84.00	\N	181
654	84.00	\N	181
655	84.00	\N	182
656	84.00	\N	182
657	84.00	\N	182
658	39.00	\N	183
659	84.00	\N	184
660	84.00	\N	184
661	84.00	\N	184
662	84.00	\N	185
663	39.00	\N	185
664	84.00	\N	185
665	84.00	\N	186
666	84.00	\N	187
667	84.00	\N	188
668	80.00	\N	189
669	35.00	\N	189
670	80.00	\N	189
671	35.00	\N	189
672	80.00	\N	190
673	80.00	\N	191
674	80.00	\N	191
675	80.00	\N	191
676	80.00	\N	191
677	80.00	\N	192
678	80.00	\N	192
679	80.00	\N	192
680	80.00	\N	193
681	80.00	\N	193
682	80.00	\N	193
683	80.00	\N	193
684	80.00	\N	193
685	35.00	\N	193
686	80.00	\N	194
687	80.00	\N	194
688	80.00	\N	194
689	35.00	\N	194
690	35.00	\N	194
691	80.00	\N	195
692	80.00	\N	195
693	80.00	\N	195
694	80.00	\N	195
695	80.00	\N	196
696	35.00	\N	196
697	80.00	\N	196
698	35.00	\N	196
699	35.00	\N	196
700	80.00	\N	196
701	80.00	\N	197
702	80.00	\N	197
703	80.00	\N	197
704	35.00	\N	197
705	80.00	\N	197
706	35.00	\N	198
707	80.00	\N	198
708	80.00	\N	198
709	80.00	\N	198
710	80.00	\N	198
711	80.00	\N	198
712	80.00	\N	199
713	80.00	\N	199
714	80.00	\N	199
715	80.00	\N	199
716	80.00	\N	200
717	80.00	\N	201
718	80.00	\N	202
719	80.00	\N	203
720	80.00	\N	203
721	42.00	\N	204
722	42.00	\N	204
723	42.00	\N	204
724	42.00	\N	204
725	42.00	\N	204
726	42.00	\N	205
727	42.00	\N	205
728	42.00	\N	205
729	42.00	\N	205
730	42.00	\N	205
731	42.00	\N	206
732	42.00	\N	206
733	42.00	\N	207
734	42.00	\N	208
735	42.00	\N	208
736	42.00	\N	208
737	42.00	\N	208
738	42.00	\N	208
739	42.00	\N	208
740	42.00	\N	209
741	42.00	\N	209
742	42.00	\N	209
743	42.00	\N	209
744	42.00	\N	210
745	42.00	\N	210
746	42.00	\N	211
747	42.00	\N	211
748	42.00	\N	211
749	42.00	\N	212
750	42.00	\N	212
751	42.00	\N	213
752	42.00	\N	213
753	42.00	\N	213
754	42.00	\N	213
755	42.00	\N	213
756	42.00	\N	214
757	42.00	\N	214
758	42.00	\N	215
759	42.00	\N	215
760	42.00	\N	215
761	42.00	\N	216
762	42.00	\N	217
763	42.00	\N	218
764	42.00	\N	218
765	42.00	\N	218
766	42.00	\N	218
767	42.00	\N	218
768	42.00	\N	219
769	42.00	\N	219
770	42.00	\N	219
771	42.00	\N	219
772	42.00	\N	219
773	42.00	\N	219
774	42.00	\N	220
775	44.00	\N	221
776	44.00	\N	221
777	44.00	\N	221
778	44.00	\N	221
779	44.00	\N	221
780	44.00	\N	222
781	44.00	\N	222
782	44.00	\N	223
783	64.00	\N	223
784	44.00	\N	223
785	44.00	\N	223
786	64.00	\N	224
787	64.00	\N	224
788	64.00	\N	224
789	64.00	\N	225
790	64.00	\N	225
791	44.00	\N	225
792	44.00	\N	225
793	44.00	\N	226
794	64.00	\N	226
795	44.00	\N	227
796	64.00	\N	227
797	64.00	\N	227
798	64.00	\N	227
799	64.00	\N	227
800	64.00	\N	228
801	44.00	\N	228
802	44.00	\N	228
803	64.00	\N	228
804	44.00	\N	229
805	64.00	\N	230
806	44.00	\N	230
807	44.00	\N	230
808	44.00	\N	231
809	44.00	\N	231
810	44.00	\N	231
811	64.00	\N	232
812	64.00	\N	232
813	44.00	\N	232
814	44.00	\N	232
815	44.00	\N	233
816	64.00	\N	233
817	44.00	\N	234
818	44.00	\N	234
819	64.00	\N	235
820	64.00	\N	235
821	64.00	\N	235
822	44.00	\N	235
823	64.00	\N	236
824	44.00	\N	236
825	64.00	\N	236
826	44.00	\N	236
827	64.00	\N	237
828	44.00	\N	237
829	64.00	\N	237
830	40.00	\N	238
831	40.00	\N	238
832	40.00	\N	239
833	40.00	\N	239
834	40.00	\N	239
835	40.00	\N	239
836	40.00	\N	239
837	40.00	\N	239
838	40.00	\N	240
839	40.00	\N	240
840	40.00	\N	240
841	40.00	\N	240
842	40.00	\N	240
843	40.00	\N	241
844	40.00	\N	241
845	40.00	\N	241
846	40.00	\N	241
847	40.00	\N	241
848	40.00	\N	242
849	40.00	\N	243
850	40.00	\N	243
851	40.00	\N	243
852	40.00	\N	243
853	40.00	\N	243
854	40.00	\N	243
855	40.00	2026-06-27 14:48:00	244
856	40.00	\N	245
857	40.00	\N	245
858	40.00	\N	245
859	40.00	\N	245
860	40.00	\N	246
861	40.00	\N	246
862	40.00	\N	246
863	40.00	\N	246
864	40.00	\N	246
865	40.00	\N	247
866	40.00	\N	247
867	40.00	\N	247
868	40.00	\N	247
869	40.00	\N	247
870	40.00	\N	247
871	40.00	\N	248
872	40.00	\N	249
873	40.00	\N	249
874	40.00	\N	249
875	40.00	\N	250
876	40.00	\N	251
877	40.00	\N	252
878	40.00	\N	252
879	40.00	\N	252
880	40.00	\N	252
881	40.00	\N	252
882	40.00	\N	252
883	40.00	\N	253
884	40.00	\N	254
885	40.00	\N	254
886	52.00	\N	255
887	97.00	\N	255
888	97.00	\N	255
889	97.00	\N	255
890	52.00	\N	255
891	97.00	\N	256
892	97.00	\N	256
893	97.00	\N	256
894	52.00	\N	256
895	97.00	\N	257
896	97.00	\N	257
897	97.00	\N	257
898	52.00	\N	257
899	97.00	\N	257
900	97.00	\N	258
901	97.00	\N	258
902	52.00	\N	258
903	97.00	\N	258
904	97.00	\N	258
905	97.00	\N	258
906	52.00	\N	259
907	97.00	\N	259
908	97.00	\N	259
909	97.00	\N	259
910	52.00	\N	259
911	97.00	\N	260
912	97.00	\N	260
913	97.00	\N	260
914	52.00	\N	260
915	97.00	\N	261
916	97.00	\N	261
917	97.00	\N	261
918	52.00	\N	261
919	97.00	\N	261
920	97.00	\N	262
921	50.00	\N	263
922	95.00	\N	263
923	95.00	\N	263
924	95.00	\N	263
925	50.00	\N	264
926	95.00	\N	264
927	95.00	\N	264
928	95.00	\N	264
929	50.00	\N	264
930	95.00	\N	264
931	95.00	\N	265
932	95.00	\N	265
933	50.00	\N	265
934	95.00	\N	266
935	95.00	\N	266
936	95.00	\N	266
937	50.00	\N	266
938	95.00	\N	267
939	95.00	\N	267
940	95.00	\N	267
941	50.00	\N	267
942	95.00	\N	267
943	95.00	\N	267
944	95.00	\N	268
945	50.00	\N	268
946	95.00	\N	268
947	95.00	\N	268
948	95.00	\N	268
949	50.00	\N	268
950	95.00	\N	269
951	95.00	\N	269
952	95.00	\N	269
953	50.00	\N	270
954	95.00	\N	270
955	95.00	\N	271
956	95.00	\N	271
957	50.00	\N	272
958	57.00	\N	273
959	102.00	\N	273
960	102.00	\N	273
961	102.00	\N	273
962	57.00	\N	274
963	77.00	\N	274
964	77.00	\N	275
965	77.00	\N	276
966	57.00	\N	276
967	102.00	\N	276
968	102.00	\N	276
969	77.00	\N	276
970	57.00	\N	276
971	102.00	\N	277
972	77.00	\N	277
973	102.00	\N	277
974	57.00	\N	278
975	102.00	\N	278
976	77.00	\N	278
977	77.00	\N	279
978	57.00	\N	279
979	77.00	\N	279
980	102.00	\N	280
981	77.00	\N	280
982	57.00	\N	280
983	77.00	\N	281
984	102.00	\N	282
985	102.00	\N	283
986	57.00	\N	283
987	77.00	\N	283
988	77.00	\N	283
989	102.00	\N	283
990	57.00	\N	283
991	102.00	\N	284
992	77.00	\N	284
993	77.00	\N	284
994	57.00	\N	284
995	102.00	\N	285
996	59.00	\N	286
997	59.00	\N	286
998	104.00	\N	286
999	59.00	\N	287
1000	59.00	\N	287
1001	104.00	\N	287
1002	104.00	\N	287
1003	59.00	\N	287
1004	59.00	\N	288
1005	104.00	\N	288
1006	104.00	\N	288
1007	59.00	\N	289
1008	59.00	\N	289
1009	104.00	\N	289
1010	104.00	\N	290
1011	104.00	\N	290
1012	59.00	\N	290
1013	104.00	\N	290
1014	104.00	\N	291
1015	59.00	\N	291
1016	59.00	\N	292
1017	104.00	\N	292
1018	104.00	\N	292
1019	59.00	\N	293
1020	59.00	\N	293
1021	104.00	\N	294
1022	104.00	\N	294
1023	104.00	\N	294
1024	59.00	\N	294
1025	59.00	\N	294
1026	59.00	\N	294
1027	104.00	\N	295
1028	59.00	\N	295
1029	59.00	\N	295
1030	104.00	\N	296
1031	104.00	\N	296
1032	59.00	\N	296
1033	59.00	\N	296
1034	59.00	\N	297
1035	40.00	\N	298
1036	100.00	\N	298
1037	100.00	\N	298
1038	100.00	\N	298
1039	40.00	\N	298
1040	100.00	\N	298
1041	100.00	\N	299
1042	100.00	\N	299
1043	40.00	\N	299
1044	100.00	\N	299
1045	100.00	\N	299
1046	55.00	\N	299
1047	40.00	\N	300
1048	55.00	\N	300
1049	100.00	\N	300
1050	100.00	\N	301
1051	40.00	\N	301
1052	55.00	\N	302
1053	55.00	\N	303
1054	55.00	\N	303
1055	40.00	\N	303
1056	100.00	\N	303
1057	100.00	\N	303
1058	55.00	\N	304
1059	40.00	\N	304
1060	100.00	\N	304
1061	100.00	\N	304
1062	100.00	\N	305
1063	40.00	\N	306
1064	55.00	\N	306
1065	100.00	\N	306
1066	100.00	\N	307
1067	40.00	\N	307
1068	55.00	\N	308
1069	55.00	\N	308
1070	100.00	2026-07-21 14:50:24	308
1071	40.00	\N	308
1072	55.00	\N	308
1073	55.00	\N	308
1074	100.00	\N	309
1075	62.00	\N	310
1076	62.00	\N	310
1077	62.00	\N	310
1078	62.00	\N	310
1079	62.00	\N	310
1080	62.00	\N	311
1081	62.00	\N	312
1082	62.00	\N	312
1083	62.00	\N	312
1084	62.00	\N	312
1085	62.00	\N	312
1086	62.00	\N	312
1087	62.00	\N	313
1088	107.00	\N	313
1089	62.00	\N	313
1090	62.00	\N	313
1091	62.00	\N	313
1092	62.00	\N	313
1093	107.00	\N	314
1094	62.00	\N	314
1095	62.00	\N	314
1096	62.00	\N	314
1097	62.00	\N	314
1098	62.00	\N	314
1099	62.00	\N	315
1100	107.00	\N	315
1101	62.00	\N	315
1102	62.00	\N	315
1103	62.00	\N	316
1104	62.00	\N	316
1105	62.00	\N	316
1106	62.00	\N	316
1107	62.00	\N	317
1108	62.00	\N	318
1109	62.00	\N	319
1110	62.00	\N	319
1111	62.00	\N	319
1112	62.00	\N	319
1113	62.00	\N	320
1114	107.00	\N	320
1115	62.00	\N	320
1116	109.00	\N	321
1117	64.00	\N	321
1118	109.00	\N	322
1119	109.00	\N	322
1120	109.00	\N	322
1121	109.00	\N	322
1122	109.00	\N	323
1123	109.00	\N	323
1124	109.00	\N	323
1125	109.00	\N	323
1126	109.00	\N	324
1127	109.00	\N	324
1128	109.00	\N	324
1129	109.00	\N	325
1130	109.00	\N	326
1131	109.00	\N	327
1132	109.00	\N	328
1133	109.00	\N	328
1134	109.00	\N	328
1135	64.00	\N	329
1136	109.00	\N	329
1137	64.00	\N	329
1138	64.00	\N	329
1139	109.00	\N	329
1140	64.00	\N	329
1141	64.00	\N	330
1142	109.00	\N	330
1143	64.00	\N	331
1144	64.00	\N	332
1145	64.00	\N	332
1146	64.00	\N	332
1147	109.00	\N	332
1148	64.00	\N	332
1149	64.00	\N	333
1150	109.00	\N	333
1151	109.00	\N	333
1152	109.00	\N	333
1153	109.00	\N	334
1154	64.00	\N	335
1155	109.00	\N	335
1156	109.00	\N	335
1157	109.00	\N	336
1158	60.00	\N	337
1159	60.00	\N	337
1160	60.00	\N	338
1161	60.00	\N	339
1162	60.00	\N	339
1163	60.00	\N	339
1164	60.00	\N	339
1165	60.00	\N	339
1166	60.00	\N	339
1167	60.00	\N	340
1168	60.00	\N	340
1169	60.00	\N	340
1170	60.00	\N	340
1171	60.00	\N	340
1172	60.00	\N	341
1173	60.00	\N	341
1174	60.00	\N	341
1175	60.00	\N	341
1176	60.00	\N	342
1177	60.00	\N	342
1178	60.00	\N	342
1179	60.00	\N	343
1180	60.00	\N	343
1181	60.00	\N	343
1182	60.00	\N	343
1183	60.00	\N	343
1184	60.00	\N	343
1185	60.00	\N	344
1186	60.00	\N	344
1187	60.00	\N	344
1188	60.00	\N	345
1189	60.00	\N	345
1190	60.00	\N	345
1191	60.00	\N	345
1192	60.00	\N	345
1193	60.00	\N	345
1194	60.00	\N	346
1195	60.00	\N	346
1196	60.00	\N	346
1197	60.00	\N	346
1198	60.00	\N	347
1199	60.00	\N	347
1200	60.00	\N	347
1201	82.00	\N	348
1202	82.00	\N	348
1203	37.00	\N	348
1204	82.00	\N	349
1205	82.00	\N	349
1206	82.00	\N	349
1207	82.00	\N	350
1208	82.00	\N	351
1209	37.00	\N	351
1210	37.00	\N	352
1211	82.00	\N	352
1212	82.00	\N	352
1213	82.00	\N	352
1214	82.00	\N	352
1215	82.00	\N	352
1216	82.00	\N	353
1217	82.00	\N	353
1218	82.00	\N	353
1219	82.00	\N	353
1220	37.00	\N	353
1221	82.00	\N	353
1222	82.00	\N	354
1223	82.00	\N	355
1224	82.00	\N	355
1225	37.00	\N	356
1226	82.00	\N	356
1227	82.00	\N	356
1228	82.00	\N	356
1229	82.00	\N	356
1230	82.00	\N	357
1231	82.00	\N	357
1232	82.00	\N	357
1233	82.00	\N	358
1234	37.00	\N	358
1235	82.00	\N	359
1236	82.00	\N	360
1237	37.00	\N	360
1238	82.00	\N	360
1239	82.00	\N	360
1240	37.00	\N	360
1241	37.00	\N	361
1242	82.00	\N	362
1243	82.00	\N	362
1244	82.00	\N	362
1245	39.00	\N	363
1246	39.00	\N	364
1247	39.00	\N	364
1248	39.00	\N	364
1249	39.00	\N	365
1250	39.00	\N	365
1251	24.00	\N	366
1252	39.00	\N	366
1253	39.00	\N	366
1254	39.00	\N	366
1255	39.00	\N	366
1256	39.00	\N	367
1257	39.00	\N	367
1258	39.00	\N	367
1259	39.00	\N	367
1260	39.00	\N	367
1261	39.00	\N	367
1262	39.00	\N	368
1263	39.00	\N	368
1264	24.00	\N	368
1265	39.00	\N	368
1266	24.00	\N	368
1267	39.00	\N	368
1268	39.00	\N	369
1269	39.00	\N	369
1270	39.00	\N	369
1271	39.00	\N	369
1272	39.00	\N	369
1273	39.00	\N	369
1274	39.00	\N	370
1275	39.00	\N	370
1276	39.00	\N	370
1277	24.00	\N	370
1278	39.00	\N	370
1279	39.00	\N	371
1280	39.00	\N	371
1281	39.00	\N	371
1282	39.00	\N	372
1283	39.00	\N	372
1284	39.00	\N	372
1285	39.00	\N	372
1286	39.00	\N	372
1287	39.00	\N	372
1288	39.00	\N	373
1289	39.00	\N	373
1290	42.00	\N	374
1291	87.00	\N	375
1292	87.00	\N	376
1293	87.00	\N	376
1294	42.00	\N	376
1295	87.00	\N	376
1296	87.00	\N	376
1297	87.00	\N	376
1298	42.00	\N	377
1299	87.00	\N	378
1300	87.00	\N	379
1301	87.00	\N	379
1302	42.00	\N	379
1303	87.00	\N	379
1304	87.00	\N	379
1305	87.00	\N	379
1306	42.00	\N	380
1307	87.00	\N	380
1308	87.00	\N	380
1309	87.00	\N	380
1310	42.00	\N	380
1311	87.00	\N	380
1312	87.00	\N	381
1313	87.00	\N	381
1314	42.00	\N	381
1315	87.00	\N	381
1316	87.00	\N	382
1317	87.00	\N	382
1318	42.00	\N	382
1319	87.00	\N	383
1320	87.00	\N	384
1321	87.00	\N	384
1322	42.00	\N	384
1323	87.00	\N	384
1324	87.00	\N	384
1325	87.00	\N	385
1326	42.00	\N	385
1327	87.00	\N	386
1328	87.00	\N	386
1329	87.00	\N	386
1330	42.00	\N	386
1331	87.00	\N	386
1332	87.00	\N	387
1333	87.00	\N	387
1334	42.00	\N	387
1335	87.00	\N	388
1336	87.00	\N	388
1337	44.00	\N	389
1338	89.00	\N	389
1339	44.00	\N	389
1340	89.00	\N	389
1341	44.00	\N	389
1342	89.00	\N	389
1343	44.00	\N	390
1344	44.00	\N	390
1345	44.00	\N	391
1346	44.00	\N	391
1347	44.00	\N	391
1348	44.00	\N	391
1349	44.00	\N	391
1350	44.00	\N	392
1351	89.00	\N	392
1352	89.00	\N	393
1353	44.00	\N	393
1354	44.00	\N	393
1355	44.00	\N	393
1356	89.00	\N	393
1357	44.00	\N	394
1358	44.00	\N	394
1359	89.00	\N	394
1360	89.00	\N	394
1361	44.00	\N	394
1362	89.00	\N	395
1363	89.00	\N	395
1364	44.00	\N	395
1365	44.00	\N	395
1366	89.00	\N	396
1367	44.00	\N	396
1368	89.00	\N	396
1369	44.00	\N	396
1370	44.00	\N	396
1371	44.00	\N	396
1372	89.00	\N	397
1373	44.00	\N	397
1374	44.00	\N	398
1375	89.00	\N	398
1376	89.00	\N	398
1377	44.00	\N	398
1378	44.00	\N	398
1379	89.00	\N	399
1380	44.00	\N	399
1381	44.00	\N	399
1382	44.00	\N	399
1383	89.00	\N	399
1384	44.00	\N	400
1385	40.00	\N	401
1386	40.00	\N	402
1387	40.00	\N	402
1388	85.00	\N	402
1389	40.00	\N	402
1390	40.00	\N	403
1391	40.00	\N	403
1392	40.00	\N	403
1393	40.00	\N	403
1394	40.00	\N	404
1395	40.00	\N	404
1396	85.00	\N	404
1397	40.00	\N	405
1398	85.00	\N	405
1399	40.00	\N	405
1400	85.00	\N	405
1401	40.00	\N	405
1402	40.00	\N	406
1403	40.00	\N	407
1404	40.00	\N	407
1405	40.00	\N	407
1406	40.00	\N	408
1407	40.00	\N	408
1408	40.00	\N	408
1409	40.00	\N	408
1410	40.00	\N	408
1411	40.00	\N	409
1412	40.00	\N	409
1413	40.00	\N	409
1414	40.00	\N	409
1415	40.00	\N	409
1416	40.00	\N	409
1417	40.00	\N	410
1418	40.00	\N	410
1419	40.00	\N	410
1420	85.00	\N	410
1421	40.00	\N	410
1422	85.00	\N	411
1423	40.00	\N	411
1424	40.00	\N	411
1425	40.00	\N	411
1426	40.00	\N	411
1427	40.00	\N	412
1428	40.00	\N	412
1429	40.00	\N	412
1430	40.00	\N	412
1431	40.00	\N	413
1432	40.00	\N	413
1433	40.00	\N	413
1434	92.00	\N	414
1435	47.00	\N	414
1436	92.00	\N	415
1437	92.00	\N	416
1438	92.00	\N	416
1439	92.00	\N	416
1440	92.00	\N	417
1441	92.00	\N	418
1442	92.00	\N	418
1443	47.00	\N	419
1444	47.00	\N	419
1445	92.00	\N	419
1446	92.00	\N	419
1447	92.00	\N	419
1448	92.00	\N	420
1449	92.00	\N	420
1450	47.00	\N	421
1451	92.00	\N	422
1452	92.00	\N	423
1453	92.00	\N	423
1454	47.00	\N	423
1455	92.00	\N	423
1456	92.00	\N	423
1457	47.00	\N	423
1458	47.00	\N	424
1459	47.00	\N	424
1460	92.00	\N	424
1461	92.00	\N	424
1462	92.00	\N	424
1463	47.00	\N	424
1464	92.00	\N	425
1465	47.00	\N	425
1466	92.00	\N	425
1467	47.00	\N	425
1468	47.00	\N	425
1469	92.00	\N	426
1470	92.00	\N	426
1471	92.00	\N	426
1472	47.00	\N	427
1473	92.00	\N	427
1474	92.00	\N	427
1475	47.00	\N	427
1476	92.00	\N	428
1477	92.00	\N	428
1478	47.00	\N	428
1479	47.00	\N	428
1480	92.00	\N	428
1481	92.00	\N	429
1482	92.00	\N	430
1483	47.00	\N	430
1484	49.00	\N	431
1485	49.00	\N	431
1486	49.00	\N	431
1487	49.00	\N	431
1488	49.00	\N	432
1489	49.00	\N	432
1490	49.00	\N	432
1491	49.00	\N	432
1492	49.00	\N	432
1493	49.00	\N	432
1494	49.00	\N	433
1495	49.00	\N	433
1496	49.00	\N	433
1497	49.00	\N	433
1498	49.00	\N	434
1499	49.00	\N	434
1500	49.00	\N	434
1501	49.00	\N	434
1502	49.00	\N	435
1503	49.00	\N	435
1504	49.00	\N	435
1505	49.00	\N	436
1506	49.00	\N	436
1507	49.00	\N	436
1508	49.00	\N	436
1509	49.00	\N	436
1510	49.00	\N	436
1511	49.00	\N	437
1512	49.00	\N	437
1513	49.00	\N	437
1514	49.00	\N	438
1515	49.00	\N	438
1516	49.00	\N	439
1517	49.00	\N	439
1518	49.00	\N	439
1519	49.00	\N	439
1520	49.00	\N	440
1521	49.00	\N	440
1522	49.00	\N	440
1523	49.00	\N	440
1524	49.00	\N	440
1525	49.00	\N	441
1526	49.00	\N	442
1527	49.00	\N	442
1528	49.00	\N	442
1529	49.00	\N	443
1530	49.00	\N	444
1531	49.00	\N	444
1532	49.00	\N	444
1533	49.00	\N	444
1534	49.00	\N	444
1535	90.00	\N	445
1536	90.00	\N	445
1537	90.00	\N	445
1538	90.00	\N	445
1539	90.00	\N	445
1540	90.00	\N	445
1541	45.00	\N	446
1542	90.00	\N	446
1543	90.00	\N	447
1544	90.00	\N	447
1545	45.00	\N	447
1546	90.00	\N	447
1547	90.00	\N	447
1548	90.00	\N	448
1549	90.00	\N	448
1550	90.00	\N	448
1551	90.00	\N	448
1552	45.00	\N	448
1553	90.00	\N	449
1554	45.00	\N	450
1555	90.00	\N	450
1556	90.00	\N	450
1557	90.00	\N	450
1558	90.00	\N	450
1559	90.00	\N	451
1560	90.00	\N	451
1561	90.00	\N	451
1562	90.00	\N	451
1563	90.00	\N	451
1564	90.00	\N	452
1565	90.00	\N	452
1566	45.00	\N	452
1567	45.00	\N	452
1568	90.00	\N	452
1569	90.00	\N	452
1570	90.00	\N	453
1571	90.00	\N	453
1572	90.00	\N	453
1573	90.00	\N	453
1574	45.00	\N	454
1575	90.00	\N	454
1576	90.00	\N	455
1577	90.00	\N	455
1578	90.00	\N	455
1579	90.00	\N	455
1580	45.00	\N	455
1581	90.00	\N	455
1582	90.00	\N	456
1583	90.00	\N	456
1584	90.00	\N	456
1585	90.00	\N	456
1586	90.00	\N	456
1587	52.00	\N	457
1588	52.00	\N	457
1589	52.00	\N	457
1590	52.00	\N	458
1591	52.00	\N	458
1592	52.00	\N	458
1593	52.00	\N	458
1594	52.00	\N	458
1595	52.00	\N	459
1596	52.00	\N	459
1597	52.00	\N	459
1598	52.00	\N	459
1599	52.00	\N	459
1600	52.00	\N	459
1601	52.00	\N	460
1602	52.00	\N	460
1603	52.00	\N	460
1604	52.00	\N	460
1605	52.00	\N	460
1606	52.00	\N	461
1607	52.00	\N	461
1608	52.00	\N	461
1609	52.00	\N	461
1610	52.00	\N	461
1611	52.00	\N	461
1612	52.00	\N	462
1613	52.00	\N	463
1614	52.00	\N	463
1615	52.00	\N	463
1616	52.00	\N	463
1617	52.00	\N	463
1618	52.00	\N	464
1619	52.00	\N	464
1620	52.00	\N	464
1621	52.00	\N	464
1622	52.00	\N	464
1623	52.00	\N	464
1624	52.00	\N	465
1625	52.00	\N	465
1626	52.00	\N	465
1627	52.00	\N	465
1628	52.00	\N	465
1629	52.00	\N	465
1630	52.00	\N	466
1631	52.00	\N	466
1632	52.00	\N	467
1633	52.00	\N	467
1634	52.00	\N	467
1635	52.00	\N	468
1636	52.00	\N	468
1637	52.00	\N	468
1638	52.00	\N	468
1639	52.00	\N	468
1640	54.00	\N	469
1641	74.00	\N	469
1642	74.00	\N	469
1643	74.00	\N	469
1644	74.00	\N	469
1645	74.00	\N	470
1646	74.00	2026-06-29 10:14:35	471
1647	54.00	\N	471
1648	74.00	\N	471
1649	74.00	\N	472
1650	74.00	\N	472
1651	74.00	\N	472
1652	74.00	\N	473
1653	74.00	\N	473
1654	74.00	\N	473
1655	74.00	\N	473
1656	74.00	\N	473
1657	74.00	\N	474
1658	74.00	\N	474
1659	74.00	\N	474
1660	74.00	\N	475
1661	54.00	\N	475
1662	74.00	\N	475
1663	74.00	\N	475
1664	74.00	\N	475
1665	74.00	\N	476
1666	74.00	\N	477
1667	74.00	\N	477
1668	74.00	\N	477
1669	74.00	\N	477
1670	74.00	\N	477
1671	74.00	\N	477
1672	74.00	\N	478
1673	74.00	\N	478
1674	74.00	\N	478
1675	74.00	\N	478
1676	74.00	\N	478
1677	74.00	\N	478
1678	74.00	\N	479
1679	74.00	\N	479
1680	54.00	\N	479
1681	74.00	\N	479
1682	74.00	\N	479
1683	74.00	\N	479
1684	74.00	\N	480
1685	74.00	\N	480
1686	54.00	\N	480
1687	54.00	\N	481
1688	74.00	\N	481
1689	74.00	\N	481
1690	54.00	\N	481
1691	74.00	\N	482
1692	74.00	\N	482
1693	74.00	\N	482
1694	57.00	\N	483
1695	57.00	\N	484
1696	102.00	\N	484
1697	57.00	\N	484
1698	57.00	\N	484
1699	57.00	\N	485
1700	102.00	\N	485
1701	102.00	\N	485
1702	57.00	\N	485
1703	57.00	\N	485
1704	57.00	\N	486
1705	57.00	\N	486
1706	57.00	\N	486
1707	57.00	\N	487
1708	102.00	\N	487
1709	102.00	\N	487
1710	57.00	\N	487
1711	102.00	\N	487
1712	102.00	\N	488
1713	57.00	\N	489
1714	57.00	\N	489
1715	57.00	\N	489
1716	102.00	\N	489
1717	102.00	\N	489
1718	57.00	\N	489
1719	57.00	\N	490
1720	57.00	\N	490
1721	57.00	\N	490
1722	57.00	\N	490
1723	102.00	\N	490
1724	102.00	\N	491
1725	57.00	\N	491
1726	57.00	\N	492
1727	57.00	\N	492
1728	102.00	\N	492
1729	102.00	\N	492
1730	57.00	\N	492
1731	57.00	\N	493
1732	102.00	\N	493
1733	102.00	\N	494
1734	57.00	\N	494
1735	102.00	\N	494
1736	102.00	\N	494
1737	102.00	\N	494
1738	57.00	\N	495
1739	102.00	\N	495
1740	102.00	\N	495
1741	102.00	\N	495
1742	57.00	\N	495
1743	102.00	\N	495
1744	57.00	\N	496
1745	57.00	\N	496
1746	57.00	\N	496
1747	57.00	\N	497
1748	102.00	\N	498
1749	102.00	\N	498
1750	59.00	\N	499
1751	59.00	\N	500
1752	59.00	\N	500
1753	59.00	\N	500
1754	59.00	\N	501
1755	104.00	\N	501
1756	104.00	\N	501
1757	59.00	\N	501
1758	59.00	\N	501
1759	59.00	\N	501
1760	104.00	\N	502
1761	59.00	\N	502
1762	59.00	\N	503
1763	104.00	\N	504
1764	59.00	\N	505
1765	59.00	\N	505
1766	59.00	\N	505
1767	104.00	\N	506
1768	104.00	\N	506
1769	104.00	\N	506
1770	59.00	\N	506
1771	59.00	\N	507
1772	59.00	\N	507
1773	59.00	\N	508
1774	59.00	\N	508
1775	59.00	\N	508
1776	59.00	\N	509
1777	59.00	\N	509
1778	59.00	\N	510
1779	104.00	\N	510
1780	59.00	\N	510
1781	59.00	\N	511
1782	59.00	\N	511
1783	59.00	\N	512
1784	59.00	\N	512
1785	59.00	\N	512
1786	59.00	\N	512
1787	59.00	\N	512
1788	59.00	\N	512
1789	59.00	\N	513
1790	59.00	\N	513
1791	59.00	\N	513
1792	59.00	\N	513
1793	59.00	\N	513
1794	59.00	\N	514
1795	59.00	\N	514
1796	104.00	\N	514
1797	59.00	\N	514
1798	59.00	\N	515
1799	59.00	\N	515
1800	59.00	\N	515
1801	59.00	\N	515
1802	59.00	\N	516
1803	59.00	\N	516
1804	59.00	\N	516
1805	59.00	\N	517
1806	59.00	\N	517
1807	100.00	\N	518
1808	100.00	\N	518
1809	100.00	\N	518
1810	55.00	\N	518
1811	100.00	\N	519
1812	100.00	\N	519
1813	100.00	\N	519
1814	55.00	\N	520
1815	55.00	\N	520
1816	100.00	\N	520
1817	100.00	\N	521
1818	100.00	\N	521
1819	100.00	\N	521
1820	55.00	\N	521
1821	55.00	\N	522
1822	55.00	\N	523
1823	55.00	\N	524
1824	55.00	\N	524
1825	100.00	\N	524
1826	55.00	\N	524
1827	100.00	\N	524
1828	100.00	\N	525
1829	100.00	\N	525
1830	100.00	\N	525
1831	55.00	\N	526
1832	100.00	\N	527
1833	55.00	\N	527
1834	100.00	\N	527
1835	100.00	\N	528
1836	100.00	\N	528
1837	55.00	\N	528
1838	100.00	\N	528
1839	55.00	\N	528
1840	55.00	\N	528
1841	55.00	\N	529
1842	100.00	\N	529
1843	100.00	\N	529
1844	55.00	\N	530
1845	100.00	\N	531
1846	55.00	\N	531
1847	100.00	\N	531
1848	55.00	\N	531
1849	100.00	\N	531
1850	55.00	\N	532
1851	100.00	\N	532
1852	100.00	\N	532
1853	100.00	\N	532
1854	55.00	\N	532
1855	55.00	\N	533
1856	100.00	\N	533
1857	100.00	\N	533
1858	100.00	\N	534
1859	100.00	\N	534
1860	100.00	\N	534
1861	100.00	\N	534
1862	55.00	\N	534
1863	100.00	\N	534
1864	100.00	\N	535
1865	62.00	\N	536
1866	62.00	\N	537
1867	62.00	\N	538
1868	62.00	\N	538
1869	62.00	\N	538
1870	62.00	\N	538
1871	62.00	\N	539
1872	62.00	\N	539
1873	62.00	\N	539
1874	62.00	\N	539
1875	62.00	\N	540
1876	62.00	\N	540
1877	62.00	\N	540
1878	62.00	\N	540
1879	62.00	\N	540
1880	62.00	\N	541
1881	62.00	\N	541
1882	62.00	\N	541
1883	62.00	\N	541
1884	62.00	\N	541
1885	62.00	\N	542
1886	62.00	\N	542
1887	62.00	\N	542
1888	62.00	\N	542
1889	62.00	\N	543
1890	62.00	\N	543
1891	62.00	\N	544
1892	62.00	\N	544
1893	62.00	\N	544
1894	62.00	\N	544
1895	62.00	\N	545
1896	62.00	\N	545
1897	62.00	\N	546
1898	62.00	\N	546
1899	62.00	\N	546
1900	62.00	\N	546
1901	62.00	\N	546
1902	62.00	\N	546
1903	62.00	\N	547
1904	62.00	\N	547
1905	62.00	\N	547
1906	62.00	\N	547
1907	62.00	\N	548
1908	62.00	\N	548
1909	62.00	\N	548
1910	62.00	\N	549
1911	62.00	\N	549
1912	62.00	\N	549
1913	62.00	\N	549
1914	62.00	\N	549
1915	62.00	\N	549
1916	62.00	\N	550
1917	62.00	\N	551
1918	62.00	\N	551
1919	62.00	\N	552
1920	62.00	\N	552
1921	62.00	\N	552
1922	62.00	\N	552
1923	62.00	\N	552
1924	109.00	\N	553
1925	49.00	\N	553
1926	109.00	\N	553
1927	109.00	\N	553
1928	109.00	\N	554
1929	49.00	\N	554
1930	49.00	\N	554
1931	109.00	\N	554
1932	109.00	\N	554
1933	109.00	\N	555
1934	109.00	\N	555
1935	49.00	\N	555
1936	49.00	\N	555
1937	49.00	\N	556
1938	109.00	\N	557
1939	109.00	\N	557
1940	49.00	\N	557
1941	109.00	\N	557
1942	109.00	\N	557
1943	109.00	\N	557
1944	49.00	\N	558
1945	49.00	\N	558
1946	109.00	\N	558
1947	109.00	\N	558
1948	109.00	\N	559
1949	109.00	\N	559
1950	109.00	\N	560
1951	109.00	\N	560
1952	109.00	\N	560
1953	109.00	\N	560
1954	109.00	\N	560
1955	109.00	\N	561
1956	49.00	\N	561
1957	109.00	\N	561
1958	109.00	\N	561
1959	60.00	\N	562
1960	60.00	\N	563
1961	60.00	\N	563
1962	60.00	\N	563
1963	60.00	\N	563
1964	60.00	\N	564
1965	60.00	\N	565
1966	60.00	\N	565
1967	60.00	\N	565
1968	60.00	\N	565
1969	60.00	\N	565
1970	60.00	\N	565
1971	60.00	\N	566
1972	60.00	\N	567
1973	60.00	\N	567
1974	60.00	\N	568
1975	60.00	\N	568
1976	60.00	\N	568
1977	60.00	\N	569
1978	60.00	\N	569
1979	60.00	\N	569
1980	60.00	\N	569
1981	60.00	\N	569
1982	60.00	\N	570
1983	60.00	\N	570
1984	60.00	\N	570
1985	60.00	\N	570
1986	60.00	\N	570
1987	60.00	\N	571
1988	60.00	\N	571
1989	60.00	\N	571
1990	60.00	\N	571
1991	60.00	\N	571
1992	60.00	\N	571
1993	60.00	\N	572
1994	60.00	\N	572
1995	39.00	\N	573
1996	84.00	\N	573
1997	84.00	\N	573
1998	84.00	\N	574
1999	39.00	\N	574
2000	84.00	\N	575
2001	84.00	\N	575
2002	84.00	\N	576
2003	39.00	\N	576
2004	84.00	\N	577
2005	84.00	\N	577
2006	84.00	\N	578
2007	39.00	\N	578
2008	84.00	\N	578
2009	84.00	\N	578
2010	84.00	\N	579
2011	39.00	\N	579
2012	84.00	\N	580
2013	84.00	\N	581
2014	84.00	\N	581
2015	39.00	\N	581
2016	84.00	\N	582
2017	84.00	\N	582
2018	84.00	\N	582
2019	39.00	\N	582
2020	84.00	\N	582
2021	84.00	\N	582
2022	84.00	\N	583
2023	39.00	\N	583
2024	84.00	\N	584
2025	84.00	\N	584
2026	84.00	\N	584
2027	39.00	\N	584
2028	84.00	\N	584
2029	84.00	\N	585
2030	84.00	\N	585
2031	39.00	\N	585
2032	84.00	\N	585
2033	35.00	\N	586
2034	35.00	\N	587
2035	35.00	\N	588
2036	35.00	\N	588
2037	35.00	\N	588
2038	35.00	\N	588
2039	80.00	\N	588
2040	80.00	\N	588
2041	35.00	\N	589
2042	35.00	\N	589
2043	80.00	\N	589
2044	35.00	\N	589
2045	35.00	\N	589
2046	35.00	\N	590
2047	80.00	\N	590
2048	80.00	\N	590
2049	35.00	\N	590
2050	80.00	\N	590
2051	80.00	\N	590
2052	35.00	\N	591
2053	35.00	\N	591
2054	35.00	\N	591
2055	35.00	\N	591
2056	35.00	\N	591
2057	35.00	\N	592
2058	35.00	\N	592
2059	35.00	\N	592
2060	35.00	\N	593
2061	35.00	\N	594
2062	35.00	\N	594
2063	35.00	\N	595
2064	80.00	\N	595
2065	35.00	\N	595
2066	35.00	\N	595
2067	35.00	\N	596
2068	80.00	\N	596
2069	35.00	\N	596
2070	35.00	\N	596
2071	80.00	\N	596
2072	42.00	\N	597
2073	87.00	\N	597
2074	87.00	\N	598
2075	27.00	\N	598
2076	42.00	\N	599
2077	27.00	\N	600
2078	27.00	\N	601
2079	27.00	\N	601
2080	42.00	\N	601
2081	27.00	\N	601
2082	87.00	\N	601
2083	27.00	\N	601
2084	42.00	\N	602
2085	27.00	\N	602
2086	27.00	\N	602
2087	27.00	\N	602
2088	42.00	\N	603
2089	27.00	\N	603
2090	27.00	\N	604
2091	27.00	\N	604
2092	42.00	\N	604
2093	27.00	\N	604
2094	87.00	\N	604
2095	27.00	\N	604
2096	42.00	\N	605
2097	27.00	\N	606
2098	27.00	\N	606
2099	27.00	\N	607
2100	42.00	\N	607
2101	27.00	\N	607
2102	27.00	\N	607
2103	87.00	\N	607
2104	42.00	\N	607
2105	27.00	\N	608
2106	27.00	\N	608
2107	27.00	\N	608
2108	42.00	\N	608
2109	27.00	\N	608
2110	27.00	\N	609
2111	27.00	\N	609
2112	47.00	\N	610
2113	47.00	\N	610
2114	47.00	\N	610
2115	47.00	\N	610
2116	47.00	\N	610
2117	47.00	\N	610
2118	47.00	\N	611
2119	47.00	\N	611
2120	47.00	\N	611
2121	47.00	\N	611
2122	47.00	\N	611
2123	47.00	\N	611
2124	47.00	\N	612
2125	47.00	\N	612
2126	47.00	\N	612
2127	47.00	\N	612
2128	47.00	\N	612
2129	47.00	\N	612
2130	47.00	\N	613
2131	47.00	\N	613
2132	47.00	\N	614
2133	47.00	\N	614
2134	47.00	\N	615
2135	47.00	\N	615
2136	47.00	\N	615
2137	47.00	\N	616
2138	47.00	\N	616
2139	47.00	\N	616
2140	47.00	\N	617
2141	47.00	\N	617
2142	47.00	\N	617
2143	47.00	\N	617
2144	47.00	\N	618
2145	47.00	\N	618
2146	47.00	\N	619
2147	47.00	\N	619
2148	47.00	\N	619
2149	47.00	\N	619
2150	47.00	\N	619
2151	47.00	\N	619
2152	47.00	\N	620
2153	47.00	\N	620
2154	47.00	\N	620
2155	47.00	\N	620
2156	47.00	\N	620
2157	47.00	\N	620
2158	47.00	\N	621
2159	47.00	\N	621
2160	47.00	\N	621
2161	47.00	\N	621
2162	47.00	\N	621
2163	47.00	\N	622
2164	47.00	\N	622
2165	47.00	\N	622
2166	47.00	\N	622
2167	47.00	\N	622
2168	47.00	\N	622
2169	47.00	\N	623
2170	47.00	\N	623
2171	47.00	\N	623
2172	47.00	\N	624
2173	47.00	\N	624
2174	47.00	\N	624
2175	47.00	\N	625
2176	47.00	\N	625
2177	47.00	\N	625
2178	47.00	\N	625
2179	47.00	\N	625
2180	47.00	\N	626
2181	47.00	\N	626
2182	47.00	\N	626
2183	47.00	\N	626
2184	47.00	\N	626
2185	47.00	\N	627
2186	47.00	\N	627
2187	47.00	\N	627
2188	47.00	\N	627
2189	47.00	\N	627
2190	47.00	\N	627
2191	47.00	\N	628
2192	47.00	\N	628
2193	47.00	\N	628
2194	47.00	\N	629
2195	47.00	\N	629
2196	47.00	\N	630
2197	47.00	\N	630
2198	47.00	\N	630
2199	47.00	\N	630
2200	47.00	\N	630
2201	47.00	\N	631
2202	47.00	\N	631
2203	47.00	\N	631
2204	47.00	\N	631
2205	47.00	\N	631
2206	47.00	\N	632
2207	47.00	\N	632
2208	47.00	\N	632
2209	47.00	\N	632
2210	47.00	\N	632
2211	47.00	\N	633
2212	47.00	\N	633
2213	47.00	\N	633
2214	47.00	\N	634
2215	47.00	\N	634
2216	47.00	\N	634
2217	47.00	\N	634
2218	47.00	\N	634
2219	47.00	\N	634
2220	47.00	\N	635
2221	47.00	\N	635
2222	47.00	\N	635
2223	47.00	\N	636
2224	47.00	\N	636
2225	47.00	\N	636
2226	47.00	\N	636
2227	47.00	\N	637
2228	47.00	\N	637
2229	47.00	\N	637
2230	47.00	\N	637
2231	47.00	\N	637
2232	47.00	\N	637
2233	47.00	\N	638
2234	47.00	\N	638
2235	47.00	\N	639
2236	47.00	\N	639
2237	47.00	\N	640
2238	47.00	\N	640
2239	47.00	\N	640
2240	47.00	\N	640
2241	47.00	\N	640
2242	47.00	\N	641
2243	47.00	\N	641
2244	47.00	\N	641
2245	47.00	\N	642
2246	47.00	\N	642
2247	47.00	\N	642
2248	47.00	\N	642
2249	47.00	\N	642
2250	47.00	\N	643
2251	47.00	\N	643
2252	47.00	\N	643
2253	47.00	\N	643
2254	47.00	\N	643
2255	47.00	\N	644
2256	47.00	\N	644
2257	47.00	\N	644
2258	47.00	\N	644
2259	47.00	\N	644
2260	47.00	\N	645
2261	47.00	\N	645
2262	47.00	\N	645
2263	47.00	\N	645
2264	47.00	\N	645
2265	47.00	\N	646
2266	47.00	\N	646
2267	47.00	\N	646
2268	47.00	\N	647
2269	47.00	\N	647
2270	47.00	\N	647
2271	47.00	\N	647
2272	47.00	\N	648
2273	47.00	\N	648
2274	47.00	\N	648
2275	47.00	\N	648
2276	47.00	\N	649
2277	47.00	\N	649
2278	47.00	\N	649
2279	47.00	\N	649
2280	47.00	\N	649
2281	47.00	\N	650
2282	47.00	\N	650
2283	47.00	\N	650
2284	47.00	\N	650
2285	47.00	\N	650
2286	47.00	\N	650
2287	47.00	\N	651
2288	47.00	\N	651
2289	47.00	\N	651
2290	47.00	\N	651
2291	47.00	\N	651
2292	47.00	\N	651
2293	47.00	\N	652
2294	47.00	\N	652
2295	47.00	\N	652
2296	47.00	\N	652
2297	47.00	\N	653
2298	47.00	\N	653
2299	47.00	\N	653
2300	47.00	\N	653
2301	47.00	\N	653
2302	47.00	\N	654
2303	47.00	\N	654
2304	47.00	\N	654
2305	47.00	\N	654
2306	47.00	\N	654
2307	47.00	\N	655
2308	47.00	\N	655
2309	47.00	\N	655
2310	47.00	\N	656
2311	47.00	\N	656
2312	47.00	\N	656
2313	47.00	\N	656
2314	47.00	\N	656
2315	47.00	\N	657
2316	47.00	\N	657
2317	47.00	\N	657
2318	47.00	\N	658
2319	47.00	\N	658
2320	47.00	\N	658
2321	47.00	\N	658
2322	47.00	\N	659
2323	47.00	\N	659
2324	47.00	\N	659
2325	47.00	\N	659
2326	47.00	\N	659
2327	47.00	\N	659
2328	47.00	\N	660
2329	47.00	\N	660
2330	47.00	\N	660
2331	47.00	\N	660
2332	47.00	\N	661
2333	47.00	\N	661
2334	47.00	\N	661
2335	47.00	\N	661
2336	47.00	\N	662
2337	47.00	\N	662
2338	47.00	\N	662
2339	47.00	\N	662
2340	47.00	\N	662
2341	47.00	\N	663
2342	47.00	\N	663
2343	47.00	\N	663
2344	47.00	\N	663
2345	47.00	\N	663
2346	47.00	\N	663
2347	47.00	\N	664
2348	47.00	\N	664
2349	47.00	\N	664
2350	47.00	\N	664
2351	47.00	\N	664
2352	47.00	\N	665
2353	47.00	\N	665
2354	47.00	\N	665
2355	47.00	\N	665
2356	47.00	\N	665
2357	47.00	\N	666
2358	47.00	\N	666
2359	47.00	\N	666
2360	47.00	\N	667
2361	47.00	\N	667
2362	47.00	\N	667
2363	47.00	\N	667
2364	47.00	\N	667
2365	47.00	\N	667
2366	47.00	\N	668
2367	47.00	\N	668
2368	47.00	\N	668
2369	47.00	\N	668
2370	47.00	\N	668
2371	47.00	\N	669
2372	47.00	\N	669
2373	47.00	\N	669
2374	47.00	\N	669
2375	47.00	\N	670
2376	47.00	\N	670
2377	47.00	\N	670
2378	47.00	\N	671
2379	47.00	\N	671
2380	47.00	\N	671
2381	47.00	\N	671
2382	47.00	\N	672
2383	47.00	\N	672
2384	47.00	\N	672
2385	47.00	\N	673
2386	47.00	\N	673
2387	47.00	\N	673
2388	47.00	\N	673
2389	47.00	\N	673
2390	47.00	\N	673
2391	47.00	\N	674
2392	47.00	\N	674
2393	47.00	\N	674
2394	47.00	\N	675
2395	47.00	\N	675
2396	47.00	\N	675
2397	47.00	\N	676
2398	47.00	\N	676
2399	47.00	\N	676
2400	47.00	\N	676
2401	47.00	\N	676
2402	47.00	\N	676
2403	47.00	\N	677
2404	47.00	\N	677
2405	47.00	\N	677
2406	47.00	\N	677
2407	47.00	\N	677
2408	47.00	\N	677
2409	47.00	\N	678
2410	47.00	\N	678
2411	47.00	\N	678
2412	47.00	\N	678
2413	47.00	\N	678
2414	47.00	\N	678
2415	47.00	\N	679
2416	47.00	\N	679
2417	47.00	\N	679
2418	47.00	\N	680
2419	47.00	\N	680
2420	47.00	\N	680
2421	47.00	\N	681
2422	47.00	\N	681
2423	47.00	\N	681
2424	47.00	\N	682
2425	47.00	\N	682
2426	47.00	\N	682
2427	47.00	\N	682
2428	47.00	\N	682
2429	47.00	\N	683
2430	47.00	\N	683
2431	47.00	\N	683
2432	47.00	\N	683
2433	47.00	\N	683
2434	47.00	\N	684
2435	47.00	\N	684
2436	47.00	\N	684
2437	47.00	\N	684
2438	47.00	\N	684
2439	47.00	\N	685
2440	47.00	\N	685
2441	47.00	\N	685
2442	47.00	\N	686
2443	47.00	\N	686
2444	47.00	\N	686
2445	47.00	\N	686
2446	47.00	\N	686
2447	47.00	\N	686
2448	47.00	\N	687
2449	47.00	\N	687
2450	47.00	\N	687
2451	47.00	\N	687
2452	47.00	\N	687
2453	47.00	\N	688
2454	47.00	\N	688
2455	47.00	\N	688
2456	47.00	\N	689
2457	47.00	\N	689
2458	47.00	\N	690
2459	47.00	\N	690
2460	47.00	\N	691
2461	47.00	\N	691
2462	47.00	\N	691
2463	47.00	\N	691
2464	47.00	\N	692
2465	47.00	\N	692
2466	47.00	\N	692
2467	47.00	\N	693
2468	47.00	\N	693
2469	47.00	\N	693
2470	47.00	\N	693
2471	47.00	\N	694
2472	47.00	\N	694
2473	47.00	\N	695
2474	47.00	\N	695
2475	47.00	\N	695
2476	47.00	\N	696
2477	47.00	\N	696
2478	47.00	\N	696
2479	47.00	\N	696
2480	47.00	\N	697
2481	47.00	\N	697
2482	47.00	\N	698
2483	47.00	\N	698
2484	47.00	\N	698
2485	47.00	\N	698
2486	47.00	\N	699
2487	47.00	\N	699
2488	47.00	\N	699
2489	47.00	\N	699
2490	47.00	\N	699
2491	47.00	\N	699
2492	47.00	\N	700
2493	47.00	\N	700
2494	47.00	\N	700
2495	47.00	\N	700
2496	47.00	\N	701
2497	47.00	\N	701
2498	47.00	\N	701
2499	47.00	\N	702
2500	47.00	\N	702
2501	47.00	\N	703
2502	47.00	\N	703
2503	47.00	\N	703
2504	47.00	\N	703
2505	47.00	\N	703
2506	47.00	\N	704
2507	47.00	\N	704
2508	47.00	\N	704
2509	47.00	\N	705
2510	47.00	\N	705
2511	47.00	\N	705
2512	47.00	\N	706
2513	47.00	\N	706
2514	47.00	\N	707
2515	47.00	\N	707
2516	47.00	\N	707
2517	47.00	\N	707
2518	47.00	\N	708
2519	47.00	\N	708
2520	47.00	\N	708
2521	47.00	\N	708
2522	47.00	\N	708
2523	47.00	\N	708
2524	47.00	\N	709
2525	47.00	\N	709
2526	47.00	\N	709
2527	47.00	\N	709
2528	47.00	\N	709
2529	47.00	\N	710
2530	47.00	\N	710
2531	47.00	\N	710
2532	47.00	\N	710
2533	47.00	\N	710
2534	47.00	\N	711
2535	47.00	\N	711
2536	47.00	\N	711
2537	47.00	\N	711
2538	47.00	\N	711
2539	47.00	\N	712
2540	47.00	\N	712
2541	47.00	\N	712
2542	47.00	\N	712
2543	47.00	\N	712
2544	47.00	\N	713
2545	47.00	\N	713
2546	47.00	\N	714
2547	47.00	\N	714
2548	47.00	\N	715
2549	47.00	\N	715
2550	47.00	\N	715
2551	47.00	\N	715
2552	47.00	\N	715
2553	47.00	\N	716
2554	47.00	\N	716
2555	47.00	\N	716
2556	47.00	\N	716
2557	47.00	\N	717
2558	47.00	\N	717
2559	47.00	\N	717
2560	47.00	\N	717
2561	47.00	\N	717
2562	47.00	\N	717
2563	47.00	\N	718
2564	47.00	\N	718
2565	47.00	\N	718
2566	47.00	\N	718
2567	47.00	\N	718
2568	47.00	\N	718
2569	47.00	\N	719
2570	47.00	\N	719
2571	47.00	\N	720
2572	47.00	\N	720
2573	47.00	\N	720
2574	47.00	\N	720
2575	47.00	\N	721
2576	47.00	\N	721
2577	47.00	\N	721
2578	47.00	\N	721
2579	47.00	\N	722
2580	47.00	\N	722
2581	47.00	\N	722
2582	47.00	\N	722
2583	47.00	\N	723
2584	47.00	\N	723
2585	47.00	\N	723
2586	47.00	\N	723
2587	47.00	\N	724
2588	47.00	\N	724
2589	47.00	\N	724
2590	47.00	\N	725
2591	47.00	\N	725
2592	47.00	\N	725
2593	47.00	\N	725
2594	47.00	\N	725
2595	47.00	\N	726
2596	47.00	\N	726
2597	47.00	\N	726
2598	47.00	\N	727
2599	47.00	\N	727
2600	47.00	\N	727
2601	47.00	\N	727
2602	47.00	\N	727
2603	47.00	\N	727
2604	47.00	\N	728
2605	47.00	\N	728
2606	47.00	\N	728
2607	47.00	\N	728
2608	47.00	\N	729
2609	47.00	\N	729
2610	47.00	\N	729
2611	47.00	\N	729
2612	47.00	\N	730
2613	47.00	\N	730
2614	47.00	\N	731
2615	47.00	\N	731
2616	47.00	\N	731
2617	47.00	\N	732
2618	47.00	\N	732
2619	47.00	\N	732
2620	47.00	\N	732
2621	47.00	\N	733
2622	47.00	\N	733
2623	47.00	\N	733
2624	47.00	\N	733
2625	47.00	\N	734
2626	47.00	\N	734
2627	47.00	\N	734
2628	47.00	\N	734
2629	47.00	\N	735
2630	47.00	\N	735
2631	47.00	\N	735
2632	47.00	\N	735
2633	47.00	\N	735
2634	47.00	\N	735
2635	47.00	\N	736
2636	47.00	\N	736
2637	47.00	\N	736
2638	47.00	\N	736
2639	47.00	\N	737
2640	47.00	\N	737
2641	47.00	\N	737
2642	47.00	\N	737
2643	47.00	\N	737
2644	47.00	\N	737
2645	47.00	\N	738
2646	47.00	\N	738
2647	47.00	\N	738
2648	47.00	\N	739
2649	47.00	\N	739
2650	47.00	\N	739
2651	47.00	\N	739
2652	47.00	\N	739
2653	47.00	\N	740
2654	47.00	\N	740
2655	47.00	\N	740
2656	47.00	\N	741
2657	47.00	\N	741
2658	47.00	\N	741
2659	47.00	\N	742
2660	47.00	\N	742
2661	47.00	\N	742
2662	47.00	\N	742
2663	47.00	\N	742
2664	47.00	\N	742
2665	47.00	\N	743
2666	47.00	\N	743
2667	47.00	\N	743
2668	47.00	\N	743
2669	47.00	\N	744
2670	47.00	\N	744
2671	47.00	\N	745
2672	47.00	\N	745
2673	47.00	\N	746
2674	47.00	\N	746
2675	47.00	\N	746
2676	47.00	\N	746
2677	47.00	\N	746
2678	47.00	\N	747
2679	47.00	\N	747
2680	47.00	\N	747
2681	47.00	\N	748
2682	47.00	\N	748
2683	47.00	\N	748
2684	47.00	\N	748
2685	47.00	\N	748
2686	47.00	\N	749
2687	47.00	\N	749
2688	47.00	\N	750
2689	47.00	\N	750
2690	47.00	\N	751
2691	47.00	\N	751
2692	47.00	\N	751
2693	47.00	\N	751
2694	47.00	\N	751
2695	47.00	\N	751
2696	47.00	\N	752
2697	47.00	\N	752
2698	47.00	\N	752
2699	47.00	\N	752
2700	47.00	\N	752
2701	47.00	\N	752
2702	47.00	\N	753
2703	47.00	\N	753
2704	47.00	\N	754
2705	47.00	\N	754
2706	47.00	\N	754
2707	47.00	\N	754
2708	47.00	\N	754
2709	47.00	\N	755
2710	47.00	\N	755
2711	47.00	\N	755
2712	47.00	\N	756
2713	47.00	\N	756
2714	47.00	\N	757
2715	47.00	\N	757
2716	47.00	\N	758
2717	47.00	\N	758
2718	47.00	\N	758
2719	47.00	\N	759
2720	47.00	\N	759
2721	47.00	\N	759
2722	47.00	\N	759
2723	47.00	\N	759
2724	47.00	\N	760
2725	47.00	\N	760
2726	47.00	\N	760
2727	47.00	\N	760
2728	47.00	\N	761
2729	47.00	\N	761
2730	47.00	\N	761
2731	47.00	\N	761
2732	49.00	\N	762
2733	49.00	\N	762
2734	49.00	\N	762
2735	49.00	\N	762
2736	49.00	\N	763
2737	49.00	\N	763
2738	49.00	\N	763
2739	49.00	\N	764
2740	49.00	\N	764
2741	49.00	\N	764
2742	49.00	\N	765
2743	49.00	\N	765
2744	49.00	\N	765
2745	49.00	\N	765
2746	49.00	\N	765
2747	49.00	\N	765
2748	49.00	\N	766
2749	49.00	\N	766
2750	49.00	\N	766
2751	49.00	\N	766
2752	49.00	\N	767
2753	49.00	\N	767
2754	49.00	\N	768
2755	49.00	\N	768
2756	49.00	\N	769
2757	49.00	\N	769
2758	49.00	\N	769
2759	49.00	\N	769
2760	49.00	\N	770
2761	49.00	\N	770
2762	49.00	\N	770
2763	49.00	\N	770
2764	49.00	\N	770
2765	49.00	\N	770
2766	49.00	\N	771
2767	49.00	\N	771
2768	49.00	\N	772
2769	49.00	\N	772
2770	49.00	\N	772
2771	49.00	\N	772
2772	49.00	\N	773
2773	49.00	\N	773
2774	49.00	\N	773
2775	49.00	\N	773
2776	49.00	\N	773
2777	49.00	\N	774
2778	49.00	\N	774
2779	49.00	\N	775
2780	49.00	\N	775
2781	49.00	\N	775
2782	49.00	\N	775
2783	49.00	\N	775
2784	49.00	\N	775
2785	49.00	\N	776
2786	49.00	\N	776
2787	49.00	\N	777
2788	49.00	\N	777
2789	49.00	\N	778
2790	49.00	\N	778
2791	49.00	\N	778
2792	49.00	\N	778
2793	49.00	\N	778
2794	49.00	\N	778
2795	49.00	\N	779
2796	49.00	\N	779
2797	49.00	\N	779
2798	49.00	\N	779
2799	49.00	\N	779
2800	49.00	\N	780
2801	49.00	\N	780
2802	49.00	\N	780
2803	49.00	\N	780
2804	49.00	\N	780
2805	49.00	\N	780
2806	49.00	\N	781
2807	49.00	\N	781
2808	49.00	\N	781
2809	49.00	\N	782
2810	49.00	\N	782
2811	49.00	\N	782
2812	49.00	\N	782
2813	49.00	\N	782
2814	49.00	\N	782
2815	49.00	\N	783
2816	49.00	\N	783
2817	49.00	\N	784
2818	49.00	\N	784
2819	49.00	\N	785
2820	49.00	\N	785
2821	49.00	\N	785
2822	49.00	\N	786
2823	49.00	\N	786
2824	49.00	\N	786
2825	49.00	\N	786
2826	49.00	\N	787
2827	49.00	\N	787
2828	49.00	\N	788
2829	49.00	\N	788
2830	49.00	\N	788
2831	49.00	\N	789
2832	49.00	\N	789
2833	49.00	\N	790
2834	49.00	\N	790
2835	49.00	\N	791
2836	49.00	\N	791
2837	49.00	\N	791
2838	49.00	\N	791
2839	49.00	\N	791
2840	49.00	\N	791
2841	49.00	\N	792
2842	49.00	\N	792
2843	49.00	\N	792
2844	49.00	\N	793
2845	49.00	\N	793
2846	49.00	\N	793
2847	49.00	\N	793
2848	49.00	\N	794
2849	49.00	\N	794
2850	49.00	\N	794
2851	49.00	\N	794
2852	49.00	\N	794
2853	49.00	\N	794
2854	49.00	\N	795
2855	49.00	\N	795
2856	49.00	\N	795
2857	49.00	\N	795
2858	49.00	\N	796
2859	49.00	\N	796
2860	49.00	\N	796
2861	49.00	\N	796
2862	49.00	\N	797
2863	49.00	\N	797
2864	49.00	\N	797
2865	49.00	\N	798
2866	49.00	\N	798
2867	49.00	\N	798
2868	49.00	\N	798
2869	49.00	\N	798
2870	49.00	\N	799
2871	49.00	\N	799
2872	49.00	\N	799
2873	49.00	\N	799
2874	49.00	\N	799
2875	49.00	\N	799
2876	49.00	\N	800
2877	49.00	\N	800
2878	49.00	\N	801
2879	49.00	\N	801
2880	49.00	\N	801
2881	49.00	\N	801
2882	49.00	\N	801
2883	49.00	\N	801
2884	49.00	\N	802
2885	49.00	\N	802
2886	49.00	\N	802
2887	49.00	\N	802
2888	49.00	\N	802
2889	49.00	\N	803
2890	49.00	\N	803
2891	49.00	\N	803
2892	49.00	\N	803
2893	49.00	\N	803
2894	49.00	\N	803
2895	49.00	\N	804
2896	49.00	\N	804
2897	49.00	\N	804
2898	49.00	\N	804
2899	49.00	\N	804
2900	49.00	\N	804
2901	49.00	\N	805
2902	49.00	\N	805
2903	49.00	\N	806
2904	49.00	\N	806
2905	49.00	\N	806
2906	49.00	\N	807
2907	49.00	\N	807
2908	49.00	\N	807
2909	49.00	\N	807
2910	49.00	\N	808
2911	49.00	\N	808
2912	49.00	\N	808
2913	49.00	\N	809
2914	49.00	\N	809
2915	49.00	\N	809
2916	49.00	\N	810
2917	49.00	\N	810
2918	49.00	\N	810
2919	49.00	\N	810
2920	49.00	\N	810
2921	49.00	\N	811
2922	49.00	\N	811
2923	49.00	\N	811
2924	49.00	\N	812
2925	49.00	\N	812
2926	49.00	\N	812
2927	49.00	\N	813
2928	49.00	\N	813
2929	49.00	\N	813
2930	49.00	\N	813
2931	49.00	\N	813
2932	49.00	\N	813
2933	49.00	\N	814
2934	49.00	\N	814
2935	49.00	\N	814
2936	49.00	\N	814
2937	49.00	\N	814
2938	49.00	\N	814
2939	49.00	\N	815
2940	49.00	\N	815
2941	49.00	\N	815
2942	49.00	\N	816
2943	49.00	\N	816
2944	49.00	\N	816
2945	49.00	\N	816
2946	49.00	\N	816
2947	49.00	\N	816
2948	49.00	\N	817
2949	49.00	\N	817
2950	49.00	\N	818
2951	49.00	\N	818
2952	49.00	\N	819
2953	49.00	\N	819
2954	49.00	\N	819
2955	49.00	\N	819
2956	49.00	\N	820
2957	49.00	\N	820
2958	49.00	\N	820
2959	49.00	\N	821
2960	49.00	\N	821
2961	49.00	\N	821
2962	49.00	\N	821
2963	49.00	\N	822
2964	49.00	\N	822
2965	49.00	\N	822
2966	49.00	\N	822
2967	49.00	\N	822
2968	49.00	\N	823
2969	49.00	\N	823
2970	49.00	\N	823
2971	49.00	\N	823
2972	49.00	\N	823
2973	49.00	\N	823
2974	49.00	\N	824
2975	49.00	\N	824
2976	49.00	\N	824
2977	49.00	\N	824
2978	49.00	\N	824
2979	49.00	\N	825
2980	49.00	\N	825
2981	49.00	\N	825
2982	49.00	\N	825
2983	49.00	\N	825
2984	49.00	\N	826
2985	49.00	\N	826
2986	49.00	\N	826
2987	49.00	\N	826
2988	49.00	\N	826
2989	49.00	\N	827
2990	49.00	\N	827
2991	49.00	\N	827
2992	49.00	\N	827
2993	49.00	\N	827
2994	49.00	\N	828
2995	49.00	\N	828
2996	49.00	\N	828
2997	49.00	\N	828
2998	49.00	\N	828
2999	49.00	\N	828
3000	49.00	\N	829
3001	49.00	\N	829
3002	49.00	\N	830
3003	49.00	\N	830
3004	49.00	\N	831
3005	49.00	\N	831
3006	49.00	\N	831
3007	49.00	\N	831
3008	49.00	\N	832
3009	49.00	\N	832
3010	49.00	\N	832
3011	49.00	\N	832
3012	49.00	\N	832
3013	49.00	\N	833
3014	49.00	\N	833
3015	49.00	\N	833
3016	49.00	\N	834
3017	49.00	\N	834
3018	49.00	\N	834
3019	49.00	\N	834
3020	49.00	\N	834
3021	49.00	\N	835
3022	49.00	\N	835
3023	49.00	\N	835
3024	49.00	\N	835
3025	49.00	\N	835
3026	49.00	\N	835
3027	49.00	\N	836
3028	49.00	\N	836
3029	49.00	\N	836
3030	49.00	\N	836
3031	49.00	\N	836
3032	49.00	\N	836
3033	49.00	\N	837
3034	49.00	\N	837
3035	49.00	\N	837
3036	49.00	\N	837
3037	49.00	\N	837
3038	49.00	\N	838
3039	49.00	\N	838
3040	49.00	\N	838
3041	49.00	\N	838
3042	49.00	\N	839
3043	49.00	\N	839
3044	49.00	\N	840
3045	49.00	\N	840
3046	49.00	\N	840
3047	49.00	\N	840
3048	49.00	\N	840
3049	49.00	\N	840
3050	49.00	\N	841
3051	49.00	\N	841
3052	49.00	\N	841
3053	49.00	\N	842
3054	49.00	\N	842
3055	49.00	\N	842
3056	49.00	\N	842
3057	49.00	\N	843
3058	49.00	\N	843
3059	49.00	\N	843
3060	49.00	\N	843
3061	49.00	\N	843
3062	49.00	\N	843
3063	49.00	\N	844
3064	49.00	\N	844
3065	49.00	\N	844
3066	49.00	\N	844
3067	49.00	\N	845
3068	49.00	\N	845
3069	49.00	\N	845
3070	49.00	\N	845
3071	49.00	\N	845
3072	49.00	\N	845
3073	49.00	\N	846
3074	49.00	\N	846
3075	49.00	\N	846
3076	49.00	\N	847
3077	49.00	\N	847
3078	49.00	\N	847
3079	49.00	\N	847
3080	49.00	\N	848
3081	49.00	\N	848
3082	49.00	\N	848
3083	49.00	\N	848
3084	49.00	\N	849
3085	49.00	\N	849
3086	49.00	\N	850
3087	49.00	\N	850
3088	49.00	\N	850
3089	49.00	\N	850
3090	49.00	\N	850
3091	49.00	\N	850
3092	49.00	\N	851
3093	49.00	\N	851
3094	49.00	\N	851
3095	49.00	\N	852
3096	49.00	\N	852
3097	49.00	\N	852
3098	49.00	\N	852
3099	49.00	\N	852
3100	49.00	\N	852
3101	49.00	\N	853
3102	49.00	\N	853
3103	49.00	\N	853
3104	49.00	\N	853
3105	49.00	\N	854
3106	49.00	\N	854
3107	49.00	\N	854
3108	49.00	\N	854
3109	49.00	\N	854
3110	49.00	\N	855
3111	49.00	\N	855
3112	49.00	\N	855
3113	49.00	\N	855
3114	49.00	\N	856
3115	49.00	\N	856
3116	49.00	\N	856
3117	49.00	\N	857
3118	49.00	\N	857
3119	49.00	\N	857
3120	49.00	\N	857
3121	49.00	\N	858
3122	49.00	\N	858
3123	49.00	\N	858
3124	49.00	\N	858
3125	49.00	\N	858
3126	49.00	\N	859
3127	49.00	\N	859
3128	49.00	\N	859
3129	49.00	\N	859
3130	49.00	\N	859
3131	49.00	\N	859
3132	49.00	\N	860
3133	49.00	\N	860
3134	49.00	\N	860
3135	49.00	\N	860
3136	49.00	\N	860
3137	49.00	\N	860
3138	49.00	\N	861
3139	49.00	\N	861
3140	49.00	\N	862
3141	49.00	\N	862
3142	49.00	\N	862
3143	49.00	\N	863
3144	49.00	\N	863
3145	49.00	\N	864
3146	49.00	\N	864
3147	49.00	\N	864
3148	49.00	\N	864
3149	49.00	\N	865
3150	49.00	\N	865
3151	49.00	\N	865
3152	49.00	\N	866
3153	49.00	\N	866
3154	49.00	\N	866
3155	49.00	\N	866
3156	49.00	\N	866
3157	49.00	\N	867
3158	49.00	\N	867
3159	49.00	\N	867
3160	49.00	\N	867
3161	49.00	\N	868
3162	49.00	\N	868
3163	49.00	\N	868
3164	49.00	\N	869
3165	49.00	\N	869
3166	49.00	\N	869
3167	49.00	\N	869
3168	49.00	\N	870
3169	49.00	\N	870
3170	49.00	\N	870
3171	49.00	\N	871
3172	49.00	\N	871
3173	49.00	\N	871
3174	49.00	\N	872
3175	49.00	\N	872
3176	49.00	\N	872
3177	49.00	\N	872
3178	49.00	\N	872
3179	49.00	\N	872
3180	49.00	\N	873
3181	49.00	\N	873
3182	49.00	\N	873
3183	49.00	\N	873
3184	49.00	\N	873
3185	49.00	\N	873
3186	49.00	\N	874
3187	49.00	\N	874
3188	49.00	\N	874
3189	49.00	\N	874
3190	49.00	\N	874
3191	49.00	\N	875
3192	49.00	\N	875
3193	49.00	\N	876
3194	49.00	\N	876
3195	49.00	\N	876
3196	49.00	\N	877
3197	49.00	\N	877
3198	49.00	\N	877
3199	49.00	\N	877
3200	49.00	\N	877
3201	49.00	\N	878
3202	49.00	\N	878
3203	49.00	\N	878
3204	49.00	\N	879
3205	49.00	\N	879
3206	49.00	\N	879
3207	49.00	\N	880
3208	49.00	\N	880
3209	49.00	\N	880
3210	49.00	\N	880
3211	49.00	\N	880
3212	49.00	\N	880
3213	49.00	\N	881
3214	49.00	\N	881
3215	49.00	\N	881
3216	49.00	\N	881
3217	49.00	\N	882
3218	49.00	\N	882
3219	49.00	\N	882
3220	49.00	\N	882
3221	49.00	\N	883
3222	49.00	\N	883
3223	49.00	\N	883
3224	49.00	\N	884
3225	49.00	\N	884
3226	49.00	\N	884
3227	49.00	\N	884
3228	49.00	\N	885
3229	49.00	\N	885
3230	49.00	\N	885
3231	49.00	\N	886
3232	49.00	\N	886
3233	49.00	\N	886
3234	49.00	\N	887
3235	49.00	\N	887
3236	49.00	\N	887
3237	49.00	\N	887
3238	49.00	\N	887
3239	49.00	\N	888
3240	49.00	\N	888
3241	49.00	\N	888
3242	49.00	\N	888
3243	49.00	\N	889
3244	49.00	\N	889
3245	49.00	\N	889
3246	49.00	\N	889
3247	49.00	\N	889
3248	49.00	\N	890
3249	49.00	\N	890
3250	49.00	\N	890
3251	49.00	\N	890
3252	49.00	\N	890
3253	49.00	\N	890
3254	49.00	\N	891
3255	49.00	\N	891
3256	49.00	\N	891
3257	49.00	\N	892
3258	49.00	\N	892
3259	49.00	\N	892
3260	49.00	\N	892
3261	49.00	\N	893
3262	49.00	\N	893
3263	49.00	\N	894
3264	49.00	\N	894
3265	49.00	\N	894
3266	49.00	\N	894
3267	49.00	\N	894
3268	49.00	\N	895
3269	49.00	\N	895
3270	49.00	\N	895
3271	49.00	\N	895
3272	49.00	\N	896
3273	49.00	\N	896
3274	49.00	\N	897
3275	49.00	\N	897
3276	49.00	\N	897
3277	49.00	\N	897
3278	49.00	\N	897
3279	49.00	\N	897
3280	49.00	\N	898
3281	49.00	\N	898
3282	49.00	\N	898
3283	49.00	\N	899
3284	49.00	\N	899
3285	49.00	\N	900
3286	49.00	\N	900
3287	49.00	\N	901
3288	49.00	\N	901
3289	49.00	\N	901
3290	49.00	\N	901
3291	49.00	\N	901
3292	49.00	\N	902
3293	49.00	\N	902
3294	49.00	\N	903
3295	49.00	\N	903
3296	49.00	\N	904
3297	49.00	\N	904
3298	49.00	\N	905
3299	49.00	\N	905
3300	49.00	\N	905
3301	49.00	\N	905
3302	49.00	\N	905
3303	49.00	\N	906
3304	49.00	\N	906
3305	49.00	\N	907
3306	49.00	\N	907
3307	49.00	\N	907
3308	49.00	\N	907
3309	49.00	\N	908
3310	49.00	\N	908
3311	49.00	\N	909
3312	49.00	\N	909
3313	49.00	\N	910
3314	49.00	\N	910
3315	49.00	\N	910
3316	49.00	\N	911
3317	49.00	\N	911
3318	49.00	\N	912
3319	49.00	\N	912
3320	49.00	\N	912
3321	49.00	\N	913
3322	49.00	\N	913
3323	49.00	\N	913
3324	49.00	\N	913
3325	49.00	\N	914
3326	49.00	\N	914
3327	49.00	\N	915
3328	49.00	\N	915
3329	49.00	\N	916
3330	49.00	\N	916
3331	49.00	\N	916
3332	49.00	\N	916
3333	49.00	\N	916
3334	49.00	\N	917
3335	49.00	\N	917
3336	49.00	\N	917
3337	49.00	\N	917
3338	49.00	\N	917
3339	49.00	\N	918
3340	49.00	\N	918
3341	49.00	\N	918
3342	49.00	\N	918
3343	49.00	\N	918
3344	49.00	\N	919
3345	49.00	\N	919
3346	49.00	\N	919
3347	49.00	\N	919
3348	49.00	\N	919
3349	49.00	\N	920
3350	49.00	\N	920
3351	49.00	\N	920
3352	45.00	\N	921
3353	45.00	\N	921
3354	45.00	\N	921
3355	45.00	\N	921
3356	45.00	\N	921
3357	45.00	\N	921
3358	45.00	\N	922
3359	45.00	\N	922
3360	45.00	\N	922
3361	45.00	\N	922
3362	45.00	\N	922
3363	45.00	\N	922
3364	45.00	\N	923
3365	45.00	\N	923
3366	45.00	\N	923
3367	45.00	\N	923
3368	45.00	\N	924
3369	45.00	\N	924
3370	45.00	\N	924
3371	45.00	\N	924
3372	45.00	\N	925
3373	45.00	\N	925
3374	45.00	\N	925
3375	45.00	\N	925
3376	45.00	\N	925
3377	45.00	\N	925
3378	45.00	\N	926
3379	45.00	\N	926
3380	45.00	\N	926
3381	45.00	\N	926
3382	45.00	\N	926
3383	45.00	\N	926
3384	45.00	\N	927
3385	45.00	\N	927
3386	45.00	\N	927
3387	45.00	\N	927
3388	45.00	\N	928
3389	45.00	\N	928
3390	45.00	\N	928
3391	45.00	\N	928
3392	45.00	\N	929
3393	45.00	\N	929
3394	45.00	\N	930
3395	45.00	\N	930
3396	45.00	\N	931
3397	45.00	\N	931
3398	45.00	\N	931
3399	45.00	\N	931
3400	45.00	\N	932
3401	45.00	\N	932
3402	45.00	\N	933
3403	45.00	\N	933
3404	45.00	\N	934
3405	45.00	\N	934
3406	45.00	\N	934
3407	45.00	\N	934
3408	45.00	\N	934
3409	45.00	\N	935
3410	45.00	\N	935
3411	45.00	\N	936
3412	45.00	\N	936
3413	45.00	\N	936
3414	45.00	\N	936
3415	45.00	\N	936
3416	45.00	\N	936
3417	45.00	\N	937
3418	45.00	\N	937
3419	45.00	\N	937
3420	45.00	\N	937
3421	45.00	\N	938
3422	45.00	\N	938
3423	45.00	\N	938
3424	45.00	\N	938
3425	45.00	\N	938
3426	45.00	\N	938
3427	45.00	\N	939
3428	45.00	\N	939
3429	45.00	\N	939
3430	45.00	\N	940
3431	45.00	\N	940
3432	45.00	\N	940
3433	45.00	\N	941
3434	45.00	\N	941
3435	45.00	\N	942
3436	45.00	\N	942
3437	45.00	\N	943
3438	45.00	\N	943
3439	45.00	\N	943
3440	45.00	\N	943
3441	45.00	\N	944
3442	45.00	\N	944
3443	45.00	\N	944
3444	45.00	\N	944
3445	45.00	\N	944
3446	45.00	\N	944
3447	45.00	\N	945
3448	45.00	\N	945
3449	45.00	\N	946
3450	45.00	\N	946
3451	45.00	\N	947
3452	45.00	\N	947
3453	45.00	\N	947
3454	45.00	\N	947
3455	45.00	\N	947
3456	45.00	\N	947
3457	45.00	\N	948
3458	45.00	\N	948
3459	45.00	\N	948
3460	45.00	\N	948
3461	45.00	\N	949
3462	45.00	\N	949
3463	45.00	\N	949
3464	45.00	\N	949
3465	45.00	\N	949
3466	45.00	\N	949
3467	45.00	\N	950
3468	45.00	\N	950
3469	45.00	\N	950
3470	45.00	\N	950
3471	45.00	\N	950
3472	65.00	\N	951
3473	65.00	\N	951
3474	65.00	\N	952
3475	65.00	\N	952
3476	65.00	\N	952
3477	65.00	\N	952
3478	65.00	\N	952
3479	65.00	\N	952
3480	65.00	\N	953
3481	65.00	\N	953
3482	65.00	\N	953
3483	65.00	\N	953
3484	65.00	\N	953
3485	65.00	\N	953
3486	65.00	\N	954
3487	65.00	\N	954
3488	65.00	\N	954
3489	65.00	\N	954
3490	65.00	\N	954
3491	65.00	\N	954
3492	65.00	\N	955
3493	65.00	\N	955
3494	65.00	\N	955
3495	65.00	\N	955
3496	65.00	\N	955
3497	65.00	\N	956
3498	65.00	\N	956
3499	65.00	\N	957
3500	65.00	\N	957
3501	65.00	\N	957
3502	65.00	\N	957
3503	65.00	\N	957
3504	65.00	\N	957
3505	65.00	\N	958
3506	65.00	\N	958
3507	65.00	\N	958
3508	65.00	\N	959
3509	65.00	\N	959
3510	65.00	\N	959
3511	65.00	\N	959
3512	65.00	\N	959
3513	65.00	\N	960
3514	65.00	\N	960
3515	65.00	\N	960
3516	65.00	\N	961
3517	65.00	\N	961
3518	65.00	\N	961
3519	65.00	\N	961
3520	65.00	\N	961
3521	65.00	\N	962
3522	65.00	\N	962
3523	65.00	\N	962
3524	65.00	\N	962
3525	65.00	\N	963
3526	65.00	\N	963
3527	65.00	\N	963
3528	65.00	\N	963
3529	65.00	\N	963
3530	65.00	\N	964
3531	65.00	\N	964
3532	65.00	\N	964
3533	65.00	\N	964
3534	65.00	\N	964
3535	65.00	\N	965
3536	65.00	\N	965
3537	65.00	\N	965
3538	65.00	\N	965
3539	65.00	\N	965
3540	65.00	\N	965
3541	65.00	\N	966
3542	65.00	\N	966
3543	65.00	\N	966
3544	65.00	\N	966
3545	65.00	\N	966
3546	65.00	\N	966
3547	65.00	\N	967
3548	65.00	\N	967
3549	65.00	\N	967
3550	65.00	\N	968
3551	65.00	\N	968
3552	65.00	\N	968
3553	65.00	\N	968
3554	65.00	\N	968
3555	65.00	\N	969
3556	65.00	\N	969
3557	65.00	\N	969
3558	65.00	\N	969
3559	65.00	\N	969
3560	65.00	\N	969
3561	65.00	\N	970
3562	65.00	\N	970
3563	65.00	\N	970
3564	65.00	\N	971
3565	65.00	\N	971
3566	65.00	\N	971
3567	65.00	\N	972
3568	65.00	\N	972
3569	65.00	\N	973
3570	65.00	\N	973
3571	65.00	\N	973
3572	65.00	\N	973
3573	65.00	\N	973
3574	65.00	\N	974
3575	65.00	\N	974
3576	65.00	\N	974
3577	65.00	\N	974
3578	65.00	\N	975
3579	65.00	\N	975
3580	65.00	\N	975
3581	65.00	\N	976
3582	65.00	\N	976
3583	65.00	\N	976
3584	65.00	\N	977
3585	65.00	\N	977
3586	65.00	\N	977
3587	65.00	\N	977
3588	65.00	\N	977
3589	65.00	\N	977
3590	65.00	\N	978
3591	65.00	\N	978
3592	65.00	\N	979
3593	65.00	\N	979
3594	65.00	\N	979
3595	65.00	\N	979
3596	65.00	\N	979
3597	65.00	\N	980
3598	65.00	\N	980
3599	65.00	\N	980
3600	65.00	\N	981
3601	65.00	\N	981
3602	65.00	\N	981
3603	65.00	\N	982
3604	65.00	\N	982
3605	65.00	\N	983
3606	65.00	\N	983
3607	65.00	\N	984
3608	65.00	\N	984
3609	65.00	\N	984
3610	65.00	\N	984
3611	65.00	\N	984
3612	65.00	\N	984
3613	65.00	\N	985
3614	65.00	\N	985
3615	65.00	\N	985
3616	65.00	\N	986
3617	65.00	\N	986
3618	65.00	\N	986
3619	65.00	\N	986
3620	65.00	\N	986
3621	65.00	\N	987
3622	65.00	\N	987
3623	65.00	\N	987
3624	65.00	\N	987
3625	65.00	\N	987
3626	65.00	\N	988
3627	65.00	\N	988
3628	65.00	\N	988
3629	65.00	\N	988
3630	65.00	\N	989
3631	65.00	\N	989
3632	65.00	\N	989
3633	65.00	\N	989
3634	65.00	\N	989
3635	65.00	\N	989
3636	65.00	\N	990
3637	65.00	\N	990
3638	65.00	\N	990
3639	65.00	\N	991
3640	65.00	\N	991
3641	65.00	\N	991
3642	65.00	\N	991
3643	65.00	\N	992
3644	65.00	\N	992
3645	65.00	\N	993
3646	65.00	\N	993
3647	65.00	\N	994
3648	65.00	\N	994
3649	65.00	\N	994
3650	65.00	\N	994
3651	65.00	\N	994
3652	65.00	\N	994
3653	65.00	\N	995
3654	65.00	\N	995
3655	65.00	\N	995
3656	65.00	\N	995
3657	65.00	\N	996
3658	65.00	\N	996
3659	65.00	\N	996
3660	65.00	\N	996
3661	65.00	\N	996
3662	65.00	\N	997
3663	65.00	\N	997
3664	65.00	\N	998
3665	65.00	\N	998
3666	65.00	\N	998
3667	65.00	\N	998
3668	65.00	\N	998
3669	65.00	\N	999
3670	65.00	\N	999
3671	65.00	\N	999
3672	65.00	\N	1000
3673	65.00	\N	1000
3674	65.00	\N	1000
3675	65.00	\N	1000
3676	65.00	\N	1000
3677	65.00	\N	1000
3678	65.00	\N	1001
3679	65.00	\N	1001
3680	65.00	\N	1001
3681	65.00	\N	1001
3682	65.00	\N	1001
3683	65.00	\N	1001
3684	65.00	\N	1002
3685	65.00	\N	1002
3686	65.00	\N	1002
3687	65.00	\N	1002
3688	65.00	\N	1003
3689	65.00	\N	1003
3690	65.00	\N	1003
3691	65.00	\N	1003
3692	65.00	\N	1003
3693	65.00	\N	1004
3694	65.00	\N	1004
3695	65.00	\N	1004
3696	65.00	\N	1005
3697	65.00	\N	1005
3698	65.00	\N	1006
3699	65.00	\N	1006
3700	65.00	\N	1007
3701	65.00	\N	1007
3702	65.00	\N	1007
3703	65.00	\N	1007
3704	65.00	\N	1007
3705	65.00	\N	1007
3706	65.00	\N	1008
3707	65.00	\N	1008
3708	65.00	\N	1008
3709	65.00	\N	1009
3710	65.00	\N	1009
3711	65.00	\N	1010
3712	65.00	\N	1010
3713	65.00	\N	1010
3714	65.00	\N	1011
3715	65.00	\N	1011
3716	65.00	\N	1011
3717	65.00	\N	1011
3718	65.00	\N	1012
3719	65.00	\N	1012
3720	65.00	\N	1012
3721	65.00	\N	1012
3722	65.00	\N	1012
3723	65.00	\N	1012
3724	65.00	\N	1013
3725	65.00	\N	1013
3726	65.00	\N	1013
3727	65.00	\N	1014
3728	65.00	\N	1014
3729	65.00	\N	1014
3730	65.00	\N	1014
3731	65.00	\N	1015
3732	65.00	\N	1015
3733	65.00	\N	1015
3734	65.00	\N	1016
3735	65.00	\N	1016
3736	65.00	\N	1016
3737	65.00	\N	1016
3738	65.00	\N	1016
3739	65.00	\N	1017
3740	65.00	\N	1017
3741	65.00	\N	1017
3742	65.00	\N	1017
3743	65.00	\N	1017
3744	65.00	\N	1018
3745	65.00	\N	1018
3746	65.00	\N	1018
3747	65.00	\N	1018
3748	65.00	\N	1019
3749	65.00	\N	1019
3750	65.00	\N	1019
3751	65.00	\N	1019
3752	65.00	\N	1019
3753	65.00	\N	1020
3754	65.00	\N	1020
3755	65.00	\N	1020
3756	65.00	\N	1021
3757	65.00	\N	1021
3758	65.00	\N	1021
3759	65.00	\N	1021
3760	65.00	\N	1021
3761	65.00	\N	1021
3762	65.00	\N	1022
3763	65.00	\N	1022
3764	65.00	\N	1023
3765	65.00	\N	1023
3766	65.00	\N	1023
3767	65.00	\N	1023
3768	65.00	\N	1023
3769	65.00	\N	1023
3770	65.00	\N	1024
3771	65.00	\N	1024
3772	65.00	\N	1025
3773	65.00	\N	1025
3774	65.00	\N	1025
3775	65.00	\N	1025
3776	65.00	\N	1025
3777	65.00	\N	1026
3778	65.00	\N	1026
3779	65.00	\N	1026
3780	65.00	\N	1027
3781	65.00	\N	1027
3782	65.00	\N	1027
3783	65.00	\N	1027
3784	65.00	\N	1028
3785	65.00	\N	1028
3786	65.00	\N	1028
3787	65.00	\N	1028
3788	65.00	\N	1028
3789	65.00	\N	1029
3790	65.00	\N	1029
3791	65.00	\N	1030
3792	65.00	\N	1030
3793	65.00	\N	1030
3794	65.00	\N	1031
3795	65.00	\N	1031
3796	65.00	\N	1031
3797	65.00	\N	1031
3798	65.00	\N	1031
3799	65.00	\N	1031
3800	65.00	\N	1032
3801	65.00	\N	1032
3802	65.00	\N	1033
3803	65.00	\N	1033
3804	65.00	\N	1033
3805	65.00	\N	1033
3806	65.00	\N	1033
3807	65.00	\N	1034
3808	65.00	\N	1034
3809	65.00	\N	1035
3810	65.00	\N	1035
3811	65.00	\N	1035
3812	65.00	\N	1035
3813	65.00	\N	1036
3814	65.00	\N	1036
3815	65.00	\N	1036
3816	65.00	\N	1036
3817	65.00	\N	1036
3818	65.00	\N	1036
3819	65.00	\N	1037
3820	65.00	\N	1037
3821	65.00	\N	1037
3822	65.00	\N	1037
3823	65.00	\N	1037
3824	65.00	\N	1037
3825	65.00	\N	1038
3826	65.00	\N	1038
3827	65.00	\N	1039
3828	65.00	\N	1039
3829	65.00	\N	1039
3830	65.00	\N	1040
3831	65.00	\N	1040
3832	65.00	\N	1040
3833	65.00	\N	1040
3834	65.00	\N	1040
3835	65.00	\N	1040
3836	65.00	\N	1041
3837	65.00	\N	1041
3838	65.00	\N	1041
3839	65.00	\N	1041
3840	65.00	\N	1041
3841	65.00	\N	1042
3842	65.00	\N	1042
3843	65.00	\N	1042
3844	65.00	\N	1042
3845	65.00	\N	1042
3846	65.00	\N	1042
3847	65.00	\N	1043
3848	65.00	\N	1043
3849	65.00	\N	1043
3850	65.00	\N	1043
3851	65.00	\N	1043
3852	65.00	\N	1043
3853	65.00	\N	1044
3854	65.00	\N	1044
3855	65.00	\N	1044
3856	65.00	\N	1045
3857	65.00	\N	1045
3858	65.00	\N	1045
3859	65.00	\N	1046
3860	65.00	\N	1046
3861	65.00	\N	1046
3862	65.00	\N	1046
3863	65.00	\N	1047
3864	65.00	\N	1047
3865	65.00	\N	1047
3866	65.00	\N	1047
3867	65.00	\N	1048
3868	65.00	\N	1048
3869	65.00	\N	1048
3870	65.00	\N	1048
3871	65.00	\N	1048
3872	65.00	\N	1049
3873	65.00	\N	1049
3874	65.00	\N	1049
3875	65.00	\N	1049
3876	65.00	\N	1050
3877	65.00	\N	1050
3878	65.00	\N	1051
3879	65.00	\N	1051
3880	65.00	\N	1051
3881	65.00	\N	1051
3882	65.00	\N	1051
3883	65.00	\N	1051
3884	65.00	\N	1052
3885	65.00	\N	1052
3886	65.00	\N	1053
3887	65.00	\N	1053
3888	65.00	\N	1053
3889	65.00	\N	1053
3890	65.00	\N	1053
3891	65.00	\N	1054
3892	65.00	\N	1054
3893	65.00	\N	1054
3894	65.00	\N	1055
3895	65.00	\N	1055
3896	65.00	\N	1055
3897	65.00	\N	1055
3898	65.00	\N	1055
3899	65.00	\N	1056
3900	65.00	\N	1056
3901	65.00	\N	1056
3902	65.00	\N	1057
3903	65.00	\N	1057
3904	65.00	\N	1057
3905	65.00	\N	1057
3906	65.00	\N	1058
3907	65.00	\N	1058
3908	65.00	\N	1058
3909	65.00	\N	1058
3910	65.00	\N	1058
3911	65.00	\N	1058
3912	65.00	\N	1059
3913	65.00	\N	1059
3914	65.00	\N	1059
3915	65.00	\N	1060
3916	65.00	\N	1060
3917	65.00	\N	1060
3918	65.00	\N	1060
3919	65.00	\N	1061
3920	65.00	\N	1061
3921	65.00	\N	1061
3922	65.00	\N	1061
3923	65.00	\N	1061
3924	65.00	\N	1062
3925	65.00	\N	1062
3926	65.00	\N	1062
3927	65.00	\N	1062
3928	65.00	\N	1062
3929	65.00	\N	1062
3930	65.00	\N	1063
3931	65.00	\N	1063
3932	65.00	\N	1063
3933	65.00	\N	1063
3934	65.00	\N	1063
3935	65.00	\N	1063
3936	65.00	\N	1064
3937	65.00	\N	1064
3938	65.00	\N	1064
3939	65.00	\N	1065
3940	65.00	\N	1065
3941	65.00	\N	1065
3942	65.00	\N	1065
3943	65.00	\N	1065
3944	65.00	\N	1065
3945	65.00	\N	1066
3946	65.00	\N	1066
3947	65.00	\N	1066
3948	65.00	\N	1067
3949	65.00	\N	1067
3950	65.00	\N	1067
3951	65.00	\N	1067
3952	65.00	\N	1068
3953	65.00	\N	1068
3954	65.00	\N	1068
3955	65.00	\N	1068
3956	65.00	\N	1068
3957	65.00	\N	1069
3958	65.00	\N	1069
3959	65.00	\N	1070
3960	65.00	\N	1070
3961	65.00	\N	1070
3962	65.00	\N	1070
3963	65.00	\N	1070
3964	65.00	\N	1071
3965	65.00	\N	1071
3966	65.00	\N	1071
3967	65.00	\N	1071
3968	65.00	\N	1072
3969	65.00	\N	1072
3970	65.00	\N	1072
3971	65.00	\N	1072
3972	35.00	\N	1073
3973	35.00	\N	1073
3974	35.00	\N	1074
3975	35.00	\N	1074
3976	35.00	\N	1074
3977	35.00	\N	1074
3978	35.00	\N	1074
3979	35.00	\N	1074
3980	35.00	\N	1075
3981	35.00	\N	1075
3982	35.00	\N	1075
3983	35.00	\N	1075
3984	35.00	\N	1075
3985	35.00	\N	1075
3986	35.00	\N	1076
3987	35.00	\N	1076
3988	35.00	\N	1076
3989	35.00	\N	1077
3990	35.00	\N	1077
3991	35.00	\N	1078
3992	35.00	\N	1078
3993	35.00	\N	1079
3994	35.00	\N	1079
3995	35.00	\N	1080
3996	35.00	\N	1080
3997	35.00	\N	1081
3998	35.00	\N	1081
3999	35.00	\N	1081
4000	35.00	\N	1081
4001	35.00	2026-07-21 20:31:57	1082
4002	35.00	\N	1082
4003	35.00	\N	1082
4004	35.00	\N	1082
4005	35.00	\N	1082
4006	35.00	\N	1082
4007	35.00	\N	1083
4008	35.00	\N	1083
4009	35.00	\N	1083
4010	35.00	\N	1084
4011	35.00	\N	1084
4012	35.00	\N	1084
4013	35.00	\N	1084
4014	35.00	\N	1085
4015	35.00	\N	1085
4016	35.00	\N	1086
4017	35.00	\N	1086
4018	35.00	2026-07-02 02:00:00	1087
4019	35.00	\N	1087
4020	35.00	\N	1087
4021	35.00	\N	1087
4022	35.00	\N	1087
4023	35.00	\N	1088
4024	35.00	\N	1088
4025	35.00	\N	1088
4026	35.00	\N	1088
4027	35.00	\N	1089
4028	35.00	\N	1089
4029	35.00	\N	1089
4030	35.00	\N	1089
4031	35.00	\N	1090
4032	35.00	\N	1090
4033	35.00	\N	1090
4034	35.00	\N	1090
4035	35.00	\N	1090
4036	35.00	\N	1090
4037	35.00	\N	1091
4038	35.00	\N	1091
4039	35.00	\N	1091
4040	35.00	\N	1091
4041	35.00	\N	1092
4042	35.00	\N	1092
4043	35.00	\N	1092
4044	35.00	\N	1092
4045	35.00	\N	1092
4046	35.00	2026-07-12 06:00:00	1093
4047	35.00	\N	1093
4048	35.00	\N	1093
4049	35.00	\N	1094
4050	35.00	\N	1094
4051	35.00	\N	1095
4052	35.00	\N	1095
4053	35.00	\N	1095
4054	35.00	\N	1096
4055	35.00	\N	1096
4056	35.00	\N	1097
4057	35.00	\N	1097
4058	35.00	\N	1097
4059	35.00	\N	1097
4060	35.00	\N	1097
4061	35.00	\N	1097
4062	35.00	\N	1098
4063	35.00	\N	1098
4064	35.00	\N	1098
4065	35.00	\N	1098
4066	35.00	\N	1098
4067	35.00	\N	1099
4068	35.00	\N	1099
4069	35.00	\N	1100
4070	35.00	\N	1100
4071	35.00	\N	1101
4072	35.00	\N	1101
4073	35.00	\N	1101
4074	35.00	\N	1101
4075	35.00	\N	1101
4076	35.00	\N	1101
4077	35.00	\N	1102
4078	35.00	\N	1102
4079	35.00	\N	1102
4080	35.00	\N	1102
4081	35.00	\N	1103
4082	35.00	\N	1103
4083	35.00	\N	1103
4084	35.00	\N	1103
4085	35.00	\N	1103
4086	35.00	\N	1103
4087	35.00	\N	1104
4088	35.00	\N	1104
4089	35.00	\N	1104
4090	35.00	\N	1104
4091	35.00	\N	1104
4092	55.00	\N	1105
4093	55.00	\N	1105
4094	55.00	\N	1105
4095	55.00	\N	1105
4096	55.00	\N	1105
4097	55.00	\N	1106
4098	55.00	\N	1106
4099	55.00	\N	1106
4100	55.00	\N	1107
4101	55.00	\N	1107
4102	55.00	\N	1107
4103	55.00	\N	1107
4104	55.00	\N	1108
4105	55.00	\N	1108
4106	55.00	\N	1108
4107	55.00	\N	1108
4108	55.00	\N	1108
4109	55.00	\N	1109
4110	55.00	\N	1109
4111	55.00	\N	1109
4112	55.00	\N	1109
4113	55.00	\N	1110
4114	55.00	\N	1110
4115	55.00	\N	1111
4116	55.00	\N	1111
4117	55.00	\N	1111
4118	55.00	\N	1111
4119	55.00	\N	1111
4120	55.00	\N	1111
4121	55.00	\N	1112
4122	55.00	\N	1112
4123	55.00	\N	1112
4124	55.00	\N	1112
4125	55.00	\N	1112
4126	55.00	\N	1112
4127	55.00	\N	1113
4128	55.00	\N	1113
4129	55.00	\N	1113
4130	55.00	\N	1113
4131	55.00	\N	1113
4132	55.00	\N	1114
4133	55.00	\N	1114
4134	55.00	\N	1114
4135	55.00	\N	1114
4136	55.00	\N	1115
4137	55.00	\N	1115
4138	55.00	\N	1116
4139	55.00	\N	1116
4140	55.00	\N	1116
4141	55.00	\N	1116
4142	55.00	\N	1116
4143	55.00	\N	1116
4144	55.00	\N	1117
4145	55.00	\N	1117
4146	55.00	\N	1117
4147	55.00	\N	1117
4148	55.00	\N	1117
4149	55.00	\N	1117
4150	55.00	\N	1118
4151	55.00	\N	1118
4152	55.00	\N	1119
4153	55.00	\N	1119
4154	55.00	\N	1119
4155	55.00	\N	1119
4156	55.00	\N	1120
4157	55.00	\N	1120
4158	55.00	\N	1120
4159	55.00	\N	1120
4160	55.00	\N	1120
4161	55.00	\N	1121
4162	55.00	\N	1121
4163	55.00	\N	1121
4164	55.00	\N	1122
4165	55.00	\N	1122
4166	55.00	\N	1123
4167	55.00	\N	1123
4168	55.00	\N	1123
4169	55.00	\N	1123
4170	55.00	\N	1123
4171	55.00	\N	1124
4172	55.00	\N	1124
4173	55.00	\N	1124
4174	55.00	\N	1124
4175	55.00	\N	1124
4176	55.00	\N	1125
4177	55.00	\N	1125
4178	55.00	\N	1125
4179	55.00	\N	1125
4180	55.00	\N	1126
4181	55.00	\N	1126
4182	55.00	\N	1126
4183	55.00	\N	1126
4184	55.00	\N	1126
4185	55.00	\N	1127
4186	55.00	\N	1127
4187	55.00	\N	1127
4188	55.00	\N	1127
4189	55.00	\N	1127
4190	55.00	\N	1128
4191	55.00	\N	1128
4192	55.00	\N	1128
4193	55.00	\N	1128
4194	55.00	\N	1128
4195	55.00	\N	1129
4196	55.00	\N	1129
4197	55.00	\N	1129
4198	55.00	\N	1129
4199	55.00	\N	1129
4200	55.00	\N	1130
4201	55.00	\N	1130
4202	55.00	\N	1130
4203	55.00	\N	1130
4204	55.00	\N	1130
4205	55.00	\N	1130
4206	55.00	\N	1131
4207	55.00	\N	1131
4208	55.00	\N	1131
4209	55.00	\N	1131
4210	55.00	\N	1132
4211	55.00	\N	1132
4212	55.00	\N	1132
4213	55.00	\N	1133
4214	55.00	\N	1133
4215	55.00	\N	1134
4216	55.00	\N	1134
4217	55.00	\N	1134
4218	55.00	\N	1134
4219	55.00	\N	1134
4220	55.00	\N	1135
4221	55.00	\N	1135
4222	55.00	\N	1135
4223	55.00	\N	1135
4224	55.00	\N	1136
4225	55.00	\N	1136
4226	55.00	\N	1136
4227	55.00	\N	1136
4228	55.00	\N	1136
4229	55.00	\N	1136
4230	55.00	\N	1137
4231	55.00	\N	1137
4232	55.00	\N	1137
4233	55.00	\N	1138
4234	55.00	\N	1138
4235	55.00	\N	1138
4236	55.00	\N	1138
4237	55.00	\N	1138
4238	55.00	\N	1138
4239	55.00	\N	1139
4240	55.00	\N	1139
4241	55.00	\N	1140
4242	55.00	\N	1140
4243	55.00	\N	1140
4244	55.00	\N	1141
4245	55.00	\N	1141
4246	55.00	\N	1142
4247	55.00	\N	1142
4248	55.00	\N	1142
4249	55.00	\N	1142
4250	55.00	\N	1142
4251	55.00	\N	1142
4252	55.00	\N	1143
4253	55.00	\N	1143
4254	55.00	\N	1143
4255	55.00	\N	1143
4256	55.00	\N	1143
4257	55.00	\N	1143
4258	55.00	\N	1144
4259	55.00	\N	1144
4260	55.00	\N	1145
4261	55.00	\N	1145
4262	55.00	\N	1145
4263	55.00	\N	1145
4264	55.00	\N	1145
4265	55.00	\N	1146
4266	55.00	\N	1146
4267	55.00	\N	1146
4268	55.00	\N	1146
4269	55.00	\N	1147
4270	55.00	\N	1147
4271	55.00	\N	1147
4272	55.00	\N	1147
4273	55.00	\N	1147
4274	55.00	\N	1147
4275	55.00	\N	1148
4276	55.00	\N	1148
4277	55.00	\N	1148
4278	55.00	\N	1148
4279	55.00	\N	1148
4280	55.00	\N	1149
4281	55.00	\N	1149
4282	55.00	\N	1150
4283	55.00	\N	1150
4284	55.00	\N	1151
4285	55.00	\N	1151
4286	55.00	\N	1151
4287	55.00	\N	1152
4288	55.00	\N	1152
4289	55.00	\N	1152
4290	55.00	\N	1152
4291	55.00	\N	1152
4292	55.00	\N	1153
4293	55.00	\N	1153
4294	55.00	\N	1153
4295	55.00	\N	1153
4296	55.00	\N	1154
4297	55.00	\N	1154
4298	55.00	\N	1155
4299	55.00	\N	1155
4300	55.00	\N	1155
4301	55.00	\N	1156
4302	55.00	\N	1156
4303	55.00	\N	1157
4304	55.00	\N	1157
4305	55.00	\N	1157
4306	55.00	\N	1157
4307	55.00	\N	1158
4308	55.00	\N	1158
4309	55.00	\N	1158
4310	55.00	\N	1158
4311	55.00	\N	1158
4312	55.00	\N	1159
4313	55.00	\N	1159
4314	55.00	\N	1159
4315	55.00	\N	1159
4316	55.00	\N	1159
4317	55.00	\N	1160
4318	55.00	\N	1160
4319	55.00	\N	1160
4320	55.00	\N	1160
4321	55.00	\N	1160
4322	55.00	\N	1161
4323	55.00	\N	1161
4324	55.00	\N	1161
4325	55.00	\N	1161
4326	55.00	\N	1162
4327	55.00	\N	1162
4328	55.00	\N	1162
4329	55.00	\N	1163
4330	55.00	\N	1163
4331	55.00	\N	1164
4332	55.00	\N	1164
4333	55.00	\N	1164
4334	55.00	\N	1165
4335	55.00	\N	1165
4336	55.00	\N	1165
4337	55.00	\N	1165
4338	55.00	\N	1166
4339	55.00	\N	1166
4340	55.00	\N	1166
4341	55.00	\N	1166
4342	55.00	\N	1167
4343	55.00	\N	1167
4344	55.00	\N	1168
4345	55.00	\N	1168
4346	55.00	\N	1168
4347	55.00	\N	1168
4348	55.00	\N	1168
4349	55.00	\N	1168
4350	55.00	\N	1169
4351	55.00	\N	1169
4352	55.00	\N	1169
4353	55.00	\N	1169
4354	55.00	\N	1169
4355	55.00	\N	1170
4356	55.00	\N	1170
4357	55.00	\N	1170
4358	55.00	\N	1170
4359	55.00	\N	1170
4360	55.00	\N	1171
4361	55.00	\N	1171
4362	55.00	\N	1171
4363	55.00	\N	1171
4364	55.00	\N	1171
4365	55.00	\N	1172
4366	55.00	\N	1172
4367	55.00	\N	1173
4368	55.00	\N	1173
4369	55.00	\N	1173
4370	55.00	\N	1173
4371	55.00	\N	1173
4372	55.00	\N	1173
4373	55.00	\N	1174
4374	55.00	\N	1174
4375	55.00	\N	1174
4376	55.00	\N	1174
4377	55.00	\N	1174
4378	55.00	\N	1174
4379	55.00	\N	1175
4380	55.00	\N	1175
4381	55.00	\N	1175
4382	55.00	\N	1175
4383	55.00	2026-07-20 10:15:30	1175
4384	55.00	\N	1175
4385	55.00	\N	1176
4386	55.00	\N	1176
4387	55.00	\N	1177
4388	55.00	\N	1177
4389	55.00	\N	1177
4390	55.00	\N	1178
4391	55.00	\N	1178
4392	55.00	\N	1179
4393	55.00	\N	1179
4394	55.00	\N	1179
4395	55.00	\N	1179
4396	55.00	\N	1179
4397	55.00	\N	1180
4398	55.00	\N	1180
4399	55.00	\N	1180
4400	55.00	\N	1180
4401	55.00	\N	1180
4402	55.00	\N	1180
4403	55.00	\N	1181
4404	55.00	\N	1181
4405	55.00	\N	1182
4406	55.00	\N	1182
4407	55.00	\N	1182
4408	55.00	\N	1182
4409	55.00	\N	1182
4410	55.00	\N	1183
4411	55.00	\N	1183
4412	55.00	\N	1183
4413	55.00	\N	1183
4414	55.00	\N	1184
4415	55.00	\N	1184
4416	55.00	\N	1184
4417	55.00	\N	1184
4418	55.00	\N	1185
4419	55.00	\N	1185
4420	55.00	\N	1186
4421	55.00	\N	1186
4422	55.00	\N	1186
4423	55.00	\N	1186
4424	55.00	\N	1186
4425	55.00	\N	1187
4426	55.00	\N	1187
4427	55.00	\N	1187
4428	55.00	\N	1188
4429	55.00	\N	1188
4430	55.00	\N	1188
4431	55.00	\N	1188
4432	55.00	\N	1188
4433	55.00	\N	1188
4434	55.00	\N	1189
4435	55.00	\N	1189
4436	55.00	\N	1190
4437	55.00	\N	1190
4438	55.00	\N	1190
4439	55.00	\N	1190
4440	55.00	\N	1190
4441	55.00	\N	1190
4442	55.00	\N	1191
4443	55.00	\N	1191
4444	55.00	\N	1191
4445	55.00	\N	1191
4446	55.00	\N	1192
4447	55.00	\N	1192
4448	55.00	\N	1192
4449	55.00	\N	1193
4450	55.00	\N	1193
4451	55.00	\N	1193
4452	55.00	\N	1194
4453	55.00	\N	1194
4454	55.00	\N	1195
4455	55.00	2026-07-08 01:36:00	1195
4456	55.00	\N	1195
4457	55.00	\N	1195
4458	55.00	\N	1195
4459	55.00	\N	1195
4460	55.00	\N	1196
4461	55.00	\N	1196
4462	55.00	\N	1196
4463	55.00	\N	1196
4464	55.00	\N	1196
4465	55.00	\N	1196
4466	55.00	\N	1197
4467	55.00	\N	1197
4468	55.00	\N	1198
4469	55.00	\N	1198
4470	55.00	\N	1198
4471	55.00	\N	1198
4472	55.00	\N	1199
4473	55.00	\N	1199
4474	55.00	\N	1199
4475	55.00	\N	1199
4476	55.00	\N	1200
4477	55.00	\N	1200
4478	55.00	\N	1200
4479	55.00	\N	1200
4480	55.00	\N	1201
4481	55.00	\N	1201
4482	55.00	\N	1202
4483	55.00	\N	1202
4484	55.00	\N	1202
4485	55.00	\N	1202
4486	55.00	\N	1202
4487	55.00	\N	1203
4488	55.00	\N	1203
4489	55.00	\N	1203
4490	55.00	\N	1204
4491	55.00	\N	1204
4492	55.00	\N	1204
4493	55.00	\N	1205
4494	55.00	\N	1205
4495	55.00	\N	1205
4496	55.00	\N	1206
4497	55.00	\N	1206
4498	55.00	\N	1206
4499	55.00	\N	1206
4500	55.00	\N	1207
4501	55.00	\N	1207
4502	55.00	\N	1208
4503	55.00	\N	1208
4504	55.00	\N	1208
4505	55.00	\N	1208
4506	55.00	\N	1208
4507	55.00	\N	1209
4508	55.00	\N	1209
4509	55.00	\N	1209
4510	55.00	\N	1209
4511	55.00	\N	1209
4512	55.00	\N	1210
4513	55.00	\N	1210
4514	55.00	\N	1211
4515	55.00	\N	1211
4516	55.00	\N	1211
4517	55.00	\N	1211
4518	55.00	\N	1212
4519	55.00	\N	1212
4520	55.00	\N	1212
4521	55.00	\N	1213
4522	55.00	\N	1213
4523	55.00	\N	1213
4524	55.00	\N	1213
4525	55.00	\N	1213
4526	55.00	\N	1214
4527	55.00	\N	1214
4528	55.00	\N	1214
4529	55.00	\N	1215
4530	55.00	\N	1215
4531	55.00	\N	1215
4532	55.00	\N	1215
4533	55.00	\N	1215
4534	55.00	\N	1215
4535	55.00	\N	1216
4536	55.00	\N	1216
4537	55.00	\N	1216
4538	55.00	\N	1216
4539	55.00	\N	1216
4540	55.00	\N	1217
4541	55.00	\N	1217
4542	55.00	\N	1218
4543	55.00	\N	1218
4544	55.00	\N	1218
4545	55.00	\N	1218
4546	55.00	\N	1219
4547	55.00	\N	1219
4548	55.00	\N	1219
4549	55.00	\N	1219
4550	55.00	\N	1220
4551	55.00	\N	1220
4552	55.00	\N	1220
4553	55.00	\N	1220
4554	55.00	\N	1220
4555	55.00	\N	1221
4556	55.00	\N	1221
4557	55.00	\N	1221
4558	55.00	\N	1221
4559	55.00	\N	1221
4560	55.00	\N	1222
4561	55.00	\N	1222
4562	55.00	\N	1222
4563	55.00	\N	1222
4564	55.00	\N	1222
4565	55.00	\N	1222
4566	55.00	\N	1223
4567	55.00	\N	1223
4568	55.00	\N	1223
4569	55.00	\N	1223
4570	55.00	\N	1224
4571	55.00	\N	1224
4572	55.00	\N	1224
4573	55.00	\N	1225
4574	55.00	\N	1225
4575	55.00	\N	1225
4576	55.00	\N	1226
4577	55.00	\N	1226
4578	55.00	\N	1226
4579	55.00	\N	1226
4580	55.00	\N	1226
4581	55.00	\N	1226
4582	55.00	\N	1227
4583	55.00	\N	1227
4584	55.00	\N	1227
4585	55.00	\N	1227
4586	55.00	\N	1227
4587	55.00	\N	1228
4588	55.00	\N	1228
4589	55.00	\N	1228
4590	55.00	\N	1228
4591	55.00	\N	1229
4592	37.00	\N	1230
4593	82.00	\N	1230
4594	37.00	\N	1230
4595	37.00	\N	1230
4596	37.00	\N	1230
4597	37.00	\N	1231
4598	82.00	\N	1231
4599	82.00	\N	1231
4600	82.00	\N	1231
4601	82.00	\N	1232
4602	82.00	\N	1232
4603	82.00	\N	1232
4604	82.00	\N	1232
4605	37.00	\N	1232
4606	82.00	\N	1232
4607	82.00	\N	1233
4608	82.00	\N	1233
4609	82.00	\N	1233
4610	82.00	\N	1233
4611	82.00	\N	1233
4612	82.00	\N	1233
4613	37.00	\N	1233
4614	37.00	\N	1234
4615	82.00	\N	1234
4616	82.00	\N	1234
4617	82.00	\N	1234
4618	37.00	\N	1234
4619	82.00	\N	1235
4620	82.00	\N	1235
4621	37.00	\N	1235
4622	82.00	\N	1235
4623	82.00	\N	1235
4624	82.00	\N	1235
4625	82.00	\N	1236
4626	82.00	\N	1236
4627	82.00	\N	1236
4628	82.00	\N	1236
4629	82.00	\N	1237
4630	82.00	\N	1237
4631	37.00	\N	1237
4632	82.00	\N	1237
4633	82.00	\N	1237
4634	82.00	\N	1237
4635	37.00	\N	1237
4636	82.00	\N	1238
4637	82.00	\N	1238
4638	82.00	\N	1238
4639	37.00	\N	1238
4640	82.00	\N	1238
4641	82.00	\N	1238
4642	82.00	\N	1238
4643	37.00	\N	1238
4644	82.00	\N	1239
4645	82.00	\N	1239
4646	82.00	\N	1239
4647	82.00	\N	1239
4648	82.00	\N	1239
4649	82.00	\N	1239
4650	82.00	\N	1240
4651	82.00	\N	1240
4652	82.00	\N	1240
4653	37.00	\N	1240
4654	82.00	\N	1241
4655	37.00	\N	1241
4656	82.00	\N	1241
4657	82.00	\N	1241
4658	37.00	\N	1241
4659	37.00	\N	1241
4660	82.00	\N	1241
4661	82.00	\N	1241
4662	82.00	\N	1242
4663	82.00	\N	1242
4664	82.00	\N	1242
4665	82.00	\N	1242
4666	82.00	\N	1242
4667	82.00	\N	1242
4668	82.00	\N	1243
4669	82.00	\N	1243
4670	82.00	\N	1243
4671	82.00	\N	1243
4672	37.00	\N	1244
4673	82.00	\N	1244
4674	82.00	\N	1244
4675	37.00	\N	1244
4676	37.00	\N	1244
4677	82.00	\N	1245
4678	82.00	\N	1245
4679	82.00	\N	1245
4680	82.00	\N	1245
4681	37.00	\N	1246
4682	82.00	\N	1246
4683	82.00	\N	1246
4684	82.00	\N	1246
4685	82.00	\N	1246
4686	37.00	\N	1246
4687	82.00	\N	1246
4688	37.00	\N	1246
4689	82.00	\N	1247
4690	82.00	\N	1247
4691	82.00	\N	1247
4692	82.00	\N	1247
4693	82.00	\N	1247
4694	82.00	\N	1247
4695	82.00	\N	1248
4696	37.00	\N	1248
4697	82.00	\N	1248
4698	82.00	\N	1248
4699	82.00	\N	1249
4700	82.00	\N	1249
4701	82.00	\N	1249
4702	82.00	\N	1249
4703	82.00	\N	1249
4704	82.00	\N	1250
4705	37.00	\N	1250
4706	82.00	\N	1250
4707	82.00	\N	1250
4708	82.00	\N	1250
4709	82.00	\N	1251
4710	82.00	\N	1251
4711	37.00	\N	1251
4712	82.00	\N	1251
4713	82.00	\N	1251
4714	82.00	\N	1252
4715	82.00	\N	1252
4716	82.00	\N	1252
4717	82.00	\N	1252
4718	82.00	\N	1253
4719	82.00	\N	1253
4720	37.00	\N	1253
4721	82.00	\N	1253
4722	82.00	\N	1253
4723	82.00	\N	1253
4724	82.00	\N	1254
4725	82.00	\N	1254
4726	37.00	\N	1254
4727	82.00	\N	1254
4728	82.00	\N	1254
4729	82.00	\N	1255
4730	82.00	\N	1255
4731	82.00	\N	1255
4732	82.00	\N	1255
4733	37.00	\N	1255
4734	82.00	\N	1255
4735	82.00	\N	1256
4736	82.00	\N	1256
4737	82.00	\N	1256
4738	82.00	\N	1256
4739	37.00	\N	1257
4740	82.00	\N	1257
4741	82.00	\N	1257
4742	82.00	\N	1257
4743	82.00	\N	1258
4744	82.00	\N	1258
4745	82.00	\N	1258
4746	82.00	\N	1258
4747	82.00	\N	1258
4748	37.00	\N	1258
4749	82.00	\N	1259
4750	82.00	\N	1259
4751	82.00	\N	1259
4752	82.00	\N	1259
4753	82.00	\N	1259
4754	82.00	\N	1259
4755	82.00	\N	1259
4756	82.00	\N	1260
4757	37.00	\N	1260
4758	82.00	\N	1260
4759	82.00	\N	1260
4760	82.00	\N	1261
4761	82.00	\N	1261
4762	82.00	\N	1261
4763	82.00	\N	1261
4764	82.00	\N	1261
4765	37.00	\N	1261
4766	82.00	\N	1262
4767	82.00	\N	1262
4768	82.00	\N	1262
4769	82.00	\N	1262
4770	82.00	\N	1262
4771	82.00	\N	1262
4772	82.00	\N	1263
4773	82.00	\N	1263
4774	82.00	\N	1263
4775	82.00	\N	1263
4776	82.00	\N	1263
4777	82.00	\N	1263
4778	82.00	\N	1264
4779	37.00	\N	1264
4780	82.00	\N	1264
4781	82.00	\N	1264
4782	82.00	\N	1265
4783	82.00	\N	1265
4784	82.00	\N	1265
4785	82.00	\N	1265
4786	37.00	\N	1265
4787	82.00	\N	1266
4788	82.00	\N	1266
4789	82.00	\N	1266
4790	82.00	\N	1266
4791	82.00	\N	1266
4792	82.00	\N	1266
4793	37.00	\N	1266
4794	37.00	\N	1267
4795	82.00	\N	1267
4796	82.00	\N	1267
4797	82.00	\N	1267
4798	82.00	\N	1267
4799	82.00	\N	1267
4800	82.00	\N	1267
4801	82.00	\N	1267
4802	37.00	\N	1268
4803	82.00	\N	1268
4804	82.00	\N	1268
4805	82.00	\N	1268
4806	82.00	\N	1268
4807	82.00	\N	1268
4808	37.00	\N	1268
4809	82.00	\N	1269
4810	37.00	\N	1269
4811	82.00	\N	1269
4812	37.00	\N	1269
4813	37.00	\N	1270
4814	37.00	\N	1270
4815	82.00	\N	1270
4816	82.00	\N	1270
4817	37.00	\N	1270
4818	82.00	\N	1270
4819	37.00	\N	1270
4820	37.00	\N	1271
4821	82.00	\N	1271
4822	82.00	\N	1271
4823	82.00	\N	1271
4824	82.00	\N	1271
4825	82.00	\N	1271
4826	82.00	\N	1272
4827	82.00	\N	1272
4828	37.00	\N	1272
4829	82.00	\N	1272
4830	82.00	\N	1272
4831	82.00	\N	1272
4832	82.00	\N	1272
4833	37.00	\N	1272
4834	82.00	\N	1273
4835	82.00	\N	1273
4836	82.00	\N	1273
4837	82.00	\N	1273
4838	82.00	\N	1273
4839	82.00	\N	1273
4840	82.00	\N	1273
4841	82.00	\N	1274
4842	82.00	\N	1274
4843	82.00	\N	1274
4844	37.00	\N	1274
4845	37.00	\N	1274
4846	82.00	\N	1274
4847	82.00	\N	1275
4848	82.00	\N	1275
4849	82.00	\N	1275
4850	82.00	\N	1275
4851	82.00	\N	1275
4852	82.00	\N	1275
4853	82.00	\N	1275
4854	82.00	\N	1275
4855	82.00	\N	1276
4856	82.00	\N	1276
4857	82.00	\N	1276
4858	82.00	\N	1276
4859	82.00	\N	1276
4860	37.00	\N	1276
4861	82.00	\N	1277
4862	82.00	\N	1277
4863	37.00	\N	1277
4864	82.00	\N	1277
4865	82.00	\N	1277
4866	82.00	\N	1277
4867	82.00	\N	1278
4868	82.00	\N	1278
4869	37.00	\N	1278
4870	82.00	\N	1278
4871	37.00	\N	1279
4872	82.00	\N	1279
4873	82.00	\N	1279
4874	82.00	\N	1279
4875	37.00	\N	1279
4876	82.00	\N	1279
4877	82.00	\N	1279
4878	82.00	\N	1279
4879	82.00	\N	1280
4880	82.00	\N	1280
4881	82.00	\N	1280
4882	82.00	\N	1280
4883	82.00	\N	1280
4884	82.00	\N	1280
4885	82.00	\N	1280
4886	82.00	\N	1281
4887	82.00	\N	1281
4888	82.00	\N	1281
4889	82.00	\N	1281
4890	82.00	\N	1281
4891	82.00	\N	1281
4892	82.00	\N	1282
4893	82.00	\N	1282
4894	37.00	\N	1282
4895	82.00	\N	1282
4896	82.00	\N	1283
4897	82.00	\N	1283
4898	82.00	\N	1283
4899	82.00	\N	1283
4900	82.00	\N	1283
4901	82.00	\N	1283
4902	37.00	\N	1284
4903	37.00	\N	1284
4904	82.00	\N	1284
4905	37.00	\N	1284
4906	82.00	\N	1284
4907	82.00	\N	1284
4908	82.00	\N	1284
4909	82.00	\N	1284
4910	82.00	\N	1285
4911	82.00	\N	1285
4912	82.00	\N	1285
4913	82.00	\N	1285
4914	82.00	\N	1285
4915	82.00	\N	1285
4916	82.00	\N	1286
4917	82.00	\N	1286
4918	82.00	\N	1286
4919	82.00	\N	1286
4920	82.00	\N	1287
4921	82.00	\N	1287
4922	82.00	\N	1287
4923	82.00	\N	1287
4924	82.00	\N	1288
4925	82.00	\N	1288
4926	82.00	\N	1288
4927	82.00	\N	1288
4928	82.00	\N	1288
4929	82.00	\N	1288
4930	82.00	\N	1288
4931	82.00	\N	1289
4932	37.00	\N	1289
4933	82.00	\N	1289
4934	82.00	\N	1289
4935	82.00	\N	1289
4936	82.00	\N	1289
4937	82.00	\N	1289
4938	37.00	\N	1290
4939	37.00	\N	1290
4940	82.00	\N	1290
4941	82.00	\N	1290
4942	37.00	\N	1290
4943	37.00	\N	1290
4944	82.00	\N	1291
4945	82.00	\N	1291
4946	82.00	\N	1291
4947	37.00	\N	1291
4948	82.00	\N	1291
4949	82.00	\N	1292
4950	37.00	\N	1292
4951	82.00	\N	1292
4952	82.00	\N	1292
4953	82.00	\N	1293
4954	82.00	\N	1293
4955	82.00	\N	1293
4956	82.00	\N	1293
4957	82.00	\N	1293
4958	82.00	\N	1294
4959	37.00	\N	1294
4960	82.00	\N	1294
4961	82.00	\N	1294
4962	82.00	\N	1295
4963	82.00	\N	1295
4964	82.00	\N	1295
4965	82.00	\N	1295
4966	82.00	\N	1296
4967	82.00	\N	1296
4968	82.00	\N	1296
4969	82.00	\N	1296
4970	37.00	\N	1296
4971	82.00	\N	1296
4972	82.00	\N	1296
4973	82.00	\N	1297
4974	82.00	\N	1297
4975	82.00	\N	1297
4976	82.00	\N	1297
4977	82.00	\N	1297
4978	37.00	\N	1298
4979	82.00	\N	1298
4980	82.00	\N	1298
4981	82.00	\N	1298
4982	82.00	\N	1299
4983	82.00	\N	1299
4984	82.00	\N	1299
4985	37.00	\N	1299
4986	82.00	\N	1299
4987	82.00	\N	1299
4988	82.00	\N	1299
4989	82.00	\N	1300
4990	82.00	\N	1300
4991	82.00	\N	1300
4992	37.00	\N	1300
4993	82.00	\N	1300
4994	82.00	\N	1301
4995	82.00	\N	1301
4996	82.00	\N	1301
4997	82.00	\N	1301
4998	82.00	\N	1302
4999	37.00	\N	1302
5000	82.00	\N	1302
5001	82.00	\N	1302
5002	82.00	\N	1302
5003	82.00	\N	1302
5004	82.00	\N	1302
5005	37.00	\N	1303
5006	37.00	\N	1303
5007	37.00	\N	1303
5008	82.00	\N	1303
5009	82.00	\N	1303
5010	82.00	\N	1303
5011	37.00	\N	1304
5012	82.00	\N	1304
5013	37.00	\N	1304
5014	82.00	\N	1304
5015	37.00	\N	1304
5016	37.00	\N	1304
5017	82.00	\N	1304
5018	82.00	\N	1305
5019	82.00	\N	1305
5020	82.00	\N	1305
5021	82.00	\N	1305
5022	82.00	\N	1306
5023	82.00	\N	1306
5024	82.00	\N	1306
5025	82.00	\N	1306
5026	82.00	\N	1307
5027	82.00	\N	1307
5028	82.00	\N	1307
5029	82.00	\N	1307
5030	82.00	\N	1307
5031	82.00	\N	1307
5032	82.00	\N	1307
5033	37.00	\N	1308
5034	82.00	\N	1308
5035	82.00	\N	1308
5036	37.00	\N	1308
5037	82.00	\N	1308
5038	82.00	\N	1308
5039	82.00	\N	1308
5040	82.00	\N	1308
5041	82.00	\N	1309
5042	82.00	\N	1309
5043	82.00	\N	1309
5044	37.00	\N	1309
5045	82.00	\N	1309
5046	82.00	\N	1309
5047	37.00	\N	1309
5048	82.00	\N	1310
5049	82.00	\N	1310
5050	82.00	\N	1310
5051	82.00	\N	1310
5052	82.00	\N	1310
5053	37.00	\N	1310
5054	82.00	\N	1311
5055	82.00	\N	1311
5056	82.00	\N	1311
5057	37.00	\N	1311
5058	82.00	\N	1312
5059	82.00	\N	1312
5060	82.00	\N	1312
5061	82.00	\N	1312
5062	82.00	\N	1312
5063	82.00	\N	1312
5064	37.00	\N	1312
5065	82.00	\N	1313
5066	82.00	\N	1313
5067	82.00	\N	1313
5068	82.00	\N	1313
5069	82.00	\N	1313
5070	82.00	\N	1313
5071	82.00	\N	1313
5072	82.00	\N	1313
5073	82.00	\N	1314
5074	37.00	\N	1314
5075	82.00	\N	1314
5076	37.00	\N	1314
5077	82.00	\N	1314
5078	37.00	\N	1314
5079	37.00	\N	1315
5080	82.00	\N	1315
5081	82.00	\N	1315
5082	82.00	\N	1315
5083	82.00	\N	1315
5084	82.00	\N	1315
5085	82.00	\N	1315
5086	82.00	\N	1316
5087	37.00	\N	1316
5088	82.00	\N	1316
5089	82.00	\N	1316
5090	82.00	\N	1316
5091	37.00	\N	1316
5092	37.00	\N	1316
5093	82.00	\N	1317
5094	82.00	\N	1317
5095	82.00	\N	1317
5096	82.00	\N	1317
5097	82.00	\N	1317
5098	82.00	\N	1317
5099	82.00	\N	1317
5100	82.00	\N	1318
5101	37.00	\N	1318
5102	82.00	\N	1318
5103	82.00	\N	1318
5104	82.00	\N	1318
5105	82.00	\N	1318
5106	82.00	\N	1318
5107	82.00	\N	1318
5108	82.00	\N	1319
5109	82.00	\N	1319
5110	82.00	\N	1319
5111	82.00	\N	1319
5112	82.00	\N	1319
5113	82.00	\N	1320
5114	37.00	\N	1320
5115	82.00	\N	1320
5116	82.00	\N	1320
5117	82.00	\N	1321
5118	82.00	\N	1321
5119	82.00	\N	1321
5120	82.00	\N	1321
5121	82.00	\N	1321
5122	82.00	\N	1321
5123	82.00	\N	1322
5124	82.00	\N	1322
5125	82.00	\N	1322
5126	82.00	\N	1322
5127	82.00	\N	1322
5128	82.00	\N	1322
5129	82.00	\N	1323
5130	82.00	\N	1323
5131	82.00	\N	1323
5132	82.00	\N	1323
5133	37.00	\N	1323
5134	82.00	\N	1323
5135	82.00	\N	1324
5136	82.00	\N	1324
5137	37.00	\N	1324
5138	82.00	\N	1324
5139	82.00	\N	1325
5140	82.00	\N	1325
5141	82.00	\N	1325
5142	37.00	\N	1325
5143	82.00	\N	1325
5144	82.00	\N	1325
5145	82.00	\N	1325
5146	82.00	\N	1325
5147	82.00	\N	1326
5148	82.00	\N	1326
5149	82.00	\N	1326
5150	82.00	\N	1326
5151	82.00	\N	1326
5152	82.00	\N	1326
5153	82.00	\N	1326
5154	82.00	\N	1326
5155	82.00	\N	1327
5156	82.00	\N	1327
5157	82.00	\N	1327
5158	82.00	\N	1327
5159	82.00	\N	1327
5160	82.00	\N	1327
5161	37.00	\N	1327
5162	37.00	\N	1327
5163	82.00	\N	1328
5164	82.00	\N	1328
5165	82.00	\N	1328
5166	37.00	\N	1328
5167	82.00	\N	1328
5168	82.00	\N	1328
5169	82.00	\N	1328
5170	82.00	\N	1329
5171	82.00	\N	1329
5172	37.00	\N	1329
5173	82.00	\N	1329
5174	37.00	\N	1330
5175	37.00	\N	1330
5176	82.00	\N	1330
5177	82.00	\N	1330
5178	82.00	\N	1330
5179	82.00	\N	1330
5180	82.00	\N	1330
5181	82.00	\N	1331
5182	82.00	\N	1331
5183	82.00	\N	1331
5184	82.00	\N	1331
5185	82.00	\N	1331
5186	82.00	\N	1331
5187	82.00	\N	1331
5188	37.00	\N	1331
5189	82.00	\N	1332
5190	82.00	\N	1332
5191	82.00	\N	1332
5192	82.00	\N	1332
5193	82.00	\N	1332
5194	82.00	\N	1332
5195	82.00	\N	1333
5196	82.00	\N	1333
5197	82.00	\N	1333
5198	37.00	\N	1333
5199	37.00	\N	1333
5200	82.00	\N	1333
5201	82.00	\N	1333
5202	82.00	\N	1333
5203	82.00	\N	1334
5204	82.00	\N	1334
5205	37.00	\N	1334
5206	82.00	\N	1334
5207	82.00	\N	1334
5208	82.00	\N	1334
5209	82.00	\N	1334
5210	82.00	\N	1335
5211	82.00	\N	1335
5212	37.00	\N	1335
5213	82.00	\N	1335
5214	82.00	\N	1335
5215	82.00	\N	1335
5216	82.00	\N	1336
5217	82.00	\N	1336
5218	82.00	\N	1336
5219	82.00	\N	1336
5220	82.00	\N	1337
5221	82.00	\N	1337
5222	82.00	\N	1337
5223	82.00	\N	1337
5224	82.00	\N	1337
5225	37.00	\N	1337
5226	82.00	\N	1337
5227	82.00	\N	1338
5228	82.00	\N	1338
5229	82.00	\N	1338
5230	82.00	\N	1338
5231	37.00	\N	1338
5232	82.00	\N	1339
5233	82.00	\N	1339
5234	82.00	\N	1339
5235	37.00	\N	1339
5236	37.00	\N	1339
5237	82.00	\N	1340
5238	82.00	\N	1340
5239	82.00	\N	1340
5240	82.00	\N	1340
5241	82.00	\N	1340
5242	82.00	\N	1341
5243	37.00	\N	1341
5244	37.00	\N	1341
5245	82.00	\N	1341
5246	82.00	\N	1341
5247	82.00	\N	1341
5248	82.00	\N	1341
5249	37.00	\N	1341
5250	82.00	\N	1342
5251	82.00	\N	1342
5252	82.00	\N	1342
5253	82.00	\N	1342
5254	37.00	\N	1343
5255	82.00	\N	1343
5256	82.00	\N	1343
5257	82.00	\N	1343
5258	37.00	\N	1343
5259	37.00	\N	1344
5260	82.00	\N	1344
5261	82.00	\N	1344
5262	82.00	\N	1344
5263	82.00	\N	1344
5264	82.00	\N	1344
5265	82.00	\N	1344
5266	82.00	\N	1345
5267	82.00	\N	1345
5268	82.00	\N	1345
5269	37.00	\N	1345
5270	82.00	\N	1345
5271	82.00	\N	1345
5272	82.00	\N	1345
5273	82.00	\N	1345
5274	82.00	\N	1346
5275	82.00	\N	1346
5276	82.00	\N	1346
5277	82.00	\N	1346
5278	82.00	\N	1346
5279	82.00	\N	1346
5280	82.00	\N	1346
5281	37.00	\N	1347
5282	82.00	\N	1347
5283	82.00	\N	1347
5284	82.00	\N	1347
5285	82.00	\N	1347
5286	37.00	\N	1348
5287	37.00	\N	1348
5288	82.00	\N	1348
5289	82.00	\N	1348
5290	82.00	\N	1349
5291	82.00	\N	1349
5292	82.00	\N	1349
5293	82.00	\N	1349
5294	37.00	\N	1349
5295	82.00	\N	1350
5296	82.00	\N	1350
5297	82.00	\N	1350
5298	82.00	\N	1350
5299	82.00	\N	1351
5300	82.00	\N	1351
5301	82.00	\N	1351
5302	82.00	\N	1351
5303	82.00	\N	1352
5304	82.00	\N	1352
5305	82.00	\N	1352
5306	82.00	\N	1352
5307	82.00	\N	1352
5308	82.00	\N	1353
5309	82.00	\N	1353
5310	82.00	\N	1353
5311	82.00	\N	1353
5312	82.00	\N	1354
5313	37.00	\N	1354
5314	82.00	\N	1354
5315	82.00	\N	1354
5316	82.00	\N	1354
5317	82.00	\N	1354
5318	82.00	\N	1354
5319	82.00	\N	1355
5320	82.00	\N	1355
5321	82.00	\N	1355
5322	82.00	\N	1355
5323	82.00	\N	1356
5324	82.00	\N	1356
5325	82.00	\N	1356
5326	82.00	\N	1356
5327	82.00	\N	1357
5328	82.00	\N	1357
5329	37.00	\N	1357
5330	82.00	\N	1357
5331	82.00	\N	1357
5332	82.00	\N	1358
5333	82.00	\N	1358
5334	82.00	\N	1358
5335	82.00	\N	1358
5336	82.00	\N	1359
5337	37.00	\N	1359
5338	82.00	\N	1359
5339	82.00	\N	1359
5340	82.00	\N	1359
5341	82.00	\N	1359
5342	82.00	\N	1360
5343	82.00	\N	1360
5344	82.00	\N	1360
5345	37.00	\N	1360
5346	82.00	\N	1360
5347	82.00	\N	1360
5348	82.00	\N	1360
5349	37.00	\N	1360
5350	82.00	\N	1361
5351	82.00	\N	1361
5352	82.00	\N	1361
5353	82.00	\N	1361
5354	82.00	\N	1361
5355	82.00	\N	1361
5356	82.00	\N	1361
5357	82.00	\N	1361
5358	82.00	\N	1362
5359	37.00	\N	1362
5360	82.00	\N	1362
5361	82.00	\N	1362
5362	82.00	\N	1362
5363	82.00	\N	1362
5364	37.00	\N	1362
5365	37.00	\N	1362
5366	82.00	\N	1363
5367	82.00	\N	1363
5368	82.00	\N	1363
5369	82.00	\N	1363
5370	82.00	\N	1364
5371	37.00	\N	1364
5372	82.00	\N	1364
5373	82.00	\N	1364
5374	82.00	\N	1364
5375	37.00	\N	1364
5376	82.00	\N	1364
5377	82.00	\N	1364
5378	82.00	\N	1365
5379	82.00	\N	1365
5380	82.00	\N	1365
5381	82.00	\N	1365
5382	37.00	\N	1365
5383	82.00	\N	1365
5384	82.00	\N	1366
5385	82.00	\N	1366
5386	82.00	\N	1366
5387	82.00	\N	1366
5388	82.00	\N	1366
5389	37.00	\N	1367
5390	82.00	\N	1367
5391	82.00	\N	1367
5392	82.00	\N	1367
5393	82.00	\N	1367
5394	82.00	\N	1367
5395	82.00	\N	1368
5396	82.00	\N	1368
5397	82.00	\N	1368
5398	82.00	\N	1368
5399	82.00	\N	1368
5400	82.00	\N	1369
5401	82.00	\N	1369
5402	82.00	\N	1369
5403	82.00	\N	1369
5404	82.00	\N	1369
5405	37.00	\N	1369
5406	82.00	\N	1370
5407	82.00	\N	1370
5408	82.00	\N	1370
5409	37.00	\N	1370
5410	37.00	\N	1370
5411	82.00	\N	1370
5412	82.00	\N	1371
5413	82.00	\N	1371
5414	82.00	\N	1371
5415	37.00	\N	1371
5416	82.00	\N	1371
5417	82.00	\N	1371
5418	82.00	\N	1371
5419	37.00	\N	1371
5420	37.00	\N	1372
5421	37.00	\N	1372
5422	82.00	\N	1372
5423	82.00	\N	1372
5424	82.00	\N	1372
5425	82.00	\N	1373
5426	82.00	\N	1373
5427	82.00	\N	1373
5428	82.00	\N	1373
5429	82.00	\N	1373
5430	82.00	\N	1373
5431	82.00	\N	1374
5432	82.00	\N	1374
5433	82.00	\N	1374
5434	82.00	\N	1374
5435	82.00	\N	1374
5436	82.00	\N	1375
5437	82.00	\N	1375
5438	82.00	\N	1375
5439	82.00	\N	1375
5440	82.00	\N	1375
5441	82.00	\N	1375
5442	37.00	\N	1375
5443	82.00	\N	1376
5444	82.00	\N	1376
5445	82.00	\N	1376
5446	37.00	\N	1376
5447	82.00	\N	1376
5448	37.00	\N	1376
5449	82.00	\N	1377
5450	82.00	\N	1377
5451	82.00	\N	1377
5452	82.00	\N	1377
5453	82.00	\N	1377
5454	82.00	\N	1378
5455	82.00	\N	1378
5456	82.00	\N	1378
5457	82.00	\N	1378
5458	37.00	\N	1378
5459	82.00	\N	1378
5460	82.00	\N	1378
5461	82.00	\N	1378
5462	82.00	\N	1379
5463	82.00	\N	1379
5464	37.00	\N	1379
5465	82.00	\N	1379
5466	82.00	\N	1379
5467	82.00	\N	1379
5468	37.00	\N	1380
5469	82.00	\N	1380
5470	82.00	\N	1380
5471	82.00	\N	1380
5472	82.00	\N	1380
5473	82.00	\N	1380
5474	82.00	\N	1380
5475	82.00	\N	1380
5476	82.00	\N	1381
5477	82.00	\N	1381
5478	82.00	\N	1381
5479	82.00	\N	1381
5480	37.00	\N	1381
5481	37.00	\N	1382
5482	82.00	\N	1382
5483	37.00	\N	1382
5484	82.00	\N	1382
5485	82.00	\N	1382
5486	82.00	\N	1382
5487	82.00	\N	1382
5488	82.00	\N	1383
5489	82.00	\N	1383
5490	82.00	\N	1383
5491	82.00	\N	1383
5492	82.00	\N	1383
5493	37.00	\N	1383
5494	82.00	\N	1383
5495	82.00	\N	1384
5496	82.00	\N	1384
5497	82.00	\N	1384
5498	37.00	\N	1384
5499	82.00	\N	1384
5500	82.00	\N	1385
5501	82.00	\N	1385
5502	82.00	\N	1385
5503	82.00	\N	1385
5504	82.00	\N	1385
5505	82.00	\N	1385
5506	82.00	\N	1385
5507	37.00	\N	1386
5508	82.00	\N	1386
5509	82.00	\N	1386
5510	82.00	\N	1386
5511	82.00	\N	1386
5512	82.00	\N	1386
5513	82.00	\N	1386
5514	82.00	\N	1386
5515	82.00	\N	1387
5516	82.00	\N	1387
5517	82.00	\N	1387
5518	82.00	\N	1387
5519	82.00	\N	1387
5520	82.00	\N	1387
5521	37.00	\N	1388
5522	82.00	\N	1388
5523	37.00	\N	1388
5524	82.00	\N	1388
5525	82.00	\N	1388
5526	37.00	\N	1388
5527	82.00	\N	1389
5528	82.00	\N	1389
5529	37.00	\N	1389
5530	82.00	\N	1389
5531	82.00	\N	1389
5532	82.00	\N	1389
5533	82.00	\N	1389
5534	37.00	\N	1390
5535	82.00	\N	1390
5536	82.00	\N	1390
5537	82.00	\N	1390
5538	82.00	\N	1390
5539	82.00	\N	1390
5540	82.00	\N	1390
5541	82.00	\N	1390
5542	37.00	\N	1391
5543	82.00	\N	1391
5544	82.00	\N	1391
5545	82.00	\N	1391
5546	82.00	\N	1391
5547	82.00	\N	1391
5548	82.00	\N	1391
5549	82.00	\N	1392
5550	37.00	\N	1392
5551	82.00	\N	1392
5552	82.00	\N	1392
5553	82.00	\N	1392
5554	37.00	\N	1392
5555	82.00	\N	1393
5556	82.00	\N	1393
5557	82.00	\N	1393
5558	37.00	\N	1393
5559	82.00	\N	1393
5560	82.00	\N	1394
5561	82.00	\N	1394
5562	82.00	\N	1394
5563	82.00	\N	1394
5564	82.00	\N	1394
5565	82.00	\N	1394
5566	82.00	\N	1394
5567	82.00	\N	1394
5568	82.00	\N	1395
5569	82.00	\N	1395
5570	82.00	\N	1395
5571	82.00	\N	1395
5572	82.00	\N	1395
5573	82.00	\N	1395
5574	82.00	\N	1396
5575	82.00	\N	1396
5576	82.00	\N	1396
5577	82.00	\N	1396
5578	82.00	\N	1396
5579	82.00	\N	1397
5580	37.00	\N	1397
5581	82.00	\N	1397
5582	82.00	\N	1397
5583	82.00	\N	1397
5584	82.00	\N	1397
5585	82.00	\N	1397
5586	82.00	\N	1398
5587	82.00	\N	1398
5588	82.00	\N	1398
5589	82.00	\N	1398
5590	82.00	\N	1398
5591	82.00	\N	1398
5592	82.00	\N	1398
5593	82.00	\N	1398
5594	82.00	\N	1399
5595	82.00	\N	1399
5596	82.00	\N	1399
5597	82.00	\N	1399
5598	37.00	\N	1399
5599	82.00	\N	1399
5600	82.00	\N	1399
5601	82.00	\N	1400
5602	82.00	\N	1400
5603	37.00	\N	1400
5604	82.00	\N	1400
5605	82.00	\N	1401
5606	82.00	\N	1401
5607	37.00	\N	1401
5608	82.00	\N	1401
5609	82.00	\N	1401
5610	37.00	\N	1401
5611	37.00	\N	1401
5612	82.00	\N	1401
5613	82.00	\N	1402
5614	82.00	\N	1402
5615	82.00	\N	1402
5616	82.00	\N	1402
5617	82.00	\N	1402
5618	82.00	\N	1402
5619	82.00	\N	1402
5620	82.00	\N	1403
5621	82.00	\N	1403
5622	82.00	\N	1403
5623	82.00	\N	1403
5624	82.00	\N	1403
5625	82.00	\N	1403
5626	37.00	\N	1403
5627	37.00	\N	1403
5628	82.00	\N	1404
5629	82.00	\N	1404
5630	82.00	\N	1404
5631	82.00	\N	1404
5632	82.00	\N	1404
5633	82.00	\N	1404
5634	82.00	\N	1404
5635	37.00	\N	1404
5636	82.00	\N	1405
5637	37.00	\N	1405
5638	37.00	\N	1405
5639	37.00	\N	1405
5640	82.00	\N	1405
5641	82.00	\N	1405
5642	82.00	\N	1406
5643	82.00	\N	1406
5644	82.00	\N	1406
5645	82.00	\N	1406
5646	82.00	\N	1406
5647	82.00	\N	1406
5648	82.00	\N	1406
5649	82.00	\N	1407
5650	82.00	\N	1407
5651	37.00	\N	1407
5652	82.00	\N	1407
5653	82.00	\N	1407
5654	82.00	\N	1407
5655	82.00	\N	1407
5656	82.00	\N	1407
5657	82.00	\N	1408
5658	82.00	\N	1408
5659	82.00	\N	1408
5660	37.00	\N	1408
5661	37.00	\N	1408
5662	82.00	\N	1408
5663	82.00	\N	1408
5664	82.00	\N	1409
5665	82.00	\N	1409
5666	82.00	\N	1409
5667	37.00	\N	1409
5668	82.00	\N	1409
5669	82.00	\N	1409
5670	37.00	\N	1409
5671	82.00	\N	1410
5672	37.00	\N	1410
5673	82.00	\N	1410
5674	82.00	\N	1410
5675	37.00	\N	1411
5676	82.00	\N	1411
5677	37.00	\N	1411
5678	82.00	\N	1411
5679	37.00	\N	1411
5680	82.00	\N	1412
5681	37.00	\N	1412
5682	82.00	\N	1412
5683	82.00	\N	1412
5684	82.00	\N	1412
5685	82.00	\N	1412
5686	82.00	\N	1412
5687	82.00	\N	1412
5688	82.00	\N	1413
5689	82.00	\N	1413
5690	82.00	\N	1413
5691	37.00	\N	1413
5692	37.00	\N	1413
5693	82.00	\N	1413
5694	82.00	\N	1414
5695	82.00	\N	1414
5696	82.00	\N	1414
5697	82.00	\N	1414
5698	82.00	\N	1414
5699	82.00	\N	1414
5700	37.00	\N	1415
5701	82.00	\N	1415
5702	37.00	\N	1415
5703	82.00	\N	1415
5704	82.00	\N	1415
5705	82.00	\N	1415
5706	37.00	\N	1416
5707	82.00	\N	1416
5708	82.00	\N	1416
5709	82.00	\N	1416
5710	82.00	\N	1417
5711	82.00	\N	1417
5712	82.00	\N	1417
5713	82.00	\N	1417
5714	37.00	\N	1417
5715	82.00	\N	1418
5716	82.00	\N	1418
5717	82.00	\N	1418
5718	82.00	\N	1418
5719	37.00	\N	1418
5720	37.00	\N	1418
5721	82.00	\N	1418
5722	82.00	\N	1418
5723	82.00	\N	1419
5724	82.00	\N	1419
5725	37.00	\N	1419
5726	82.00	\N	1419
5727	82.00	\N	1419
5728	37.00	\N	1419
5729	37.00	\N	1419
5730	82.00	\N	1420
5731	82.00	\N	1420
5732	82.00	\N	1420
5733	82.00	\N	1420
5734	37.00	\N	1420
5735	82.00	\N	1420
5736	82.00	\N	1420
5737	82.00	\N	1421
5738	37.00	\N	1421
5739	37.00	\N	1421
5740	82.00	\N	1421
5741	82.00	\N	1421
5742	82.00	\N	1421
5743	37.00	\N	1421
5744	37.00	\N	1421
5745	82.00	\N	1422
5746	82.00	\N	1422
5747	82.00	\N	1422
5748	37.00	\N	1422
5749	82.00	\N	1422
5750	82.00	\N	1422
5751	82.00	\N	1422
5752	82.00	\N	1423
5753	82.00	\N	1423
5754	82.00	\N	1423
5755	82.00	\N	1423
5756	37.00	\N	1423
5757	37.00	\N	1423
5758	82.00	\N	1423
5759	82.00	\N	1424
5760	82.00	\N	1424
5761	37.00	\N	1424
5762	37.00	\N	1424
5763	37.00	\N	1424
5764	37.00	\N	1424
5765	82.00	\N	1425
5766	82.00	\N	1425
5767	82.00	\N	1425
5768	82.00	\N	1425
5769	37.00	\N	1425
5770	82.00	\N	1425
5771	82.00	\N	1425
5772	82.00	\N	1425
5773	82.00	\N	1426
5774	37.00	\N	1426
5775	82.00	\N	1426
5776	82.00	\N	1426
5777	82.00	\N	1426
5778	37.00	\N	1427
5779	82.00	\N	1427
5780	82.00	\N	1427
5781	82.00	\N	1427
5782	82.00	\N	1427
5783	82.00	\N	1428
5784	37.00	\N	1428
5785	82.00	\N	1428
5786	82.00	\N	1428
5787	82.00	\N	1428
5788	82.00	\N	1428
5789	82.00	\N	1428
5790	82.00	\N	1429
5791	82.00	\N	1429
5792	82.00	\N	1429
5793	82.00	\N	1429
5794	37.00	\N	1429
5795	82.00	\N	1430
5796	82.00	\N	1430
5797	82.00	\N	1430
5798	82.00	\N	1430
5799	82.00	\N	1430
5800	37.00	\N	1431
5801	82.00	\N	1431
5802	82.00	\N	1431
5803	82.00	\N	1431
5804	82.00	\N	1432
5805	82.00	\N	1432
5806	82.00	\N	1432
5807	37.00	\N	1432
5808	37.00	\N	1432
5809	82.00	\N	1433
5810	62.00	\N	1434
5811	62.00	\N	1434
5812	62.00	\N	1434
5813	62.00	\N	1434
5814	62.00	\N	1434
5815	62.00	\N	1435
5816	62.00	\N	1435
5817	62.00	\N	1435
5818	62.00	\N	1435
5819	62.00	\N	1435
5820	62.00	\N	1436
5821	62.00	\N	1436
5822	62.00	\N	1436
5823	62.00	\N	1436
5824	62.00	\N	1437
5825	62.00	\N	1437
5826	62.00	\N	1437
5827	62.00	\N	1437
5828	62.00	\N	1437
5829	62.00	\N	1437
5830	62.00	\N	1438
5831	62.00	\N	1438
5832	62.00	\N	1438
5833	62.00	\N	1438
5834	62.00	\N	1438
5835	62.00	\N	1438
5836	62.00	\N	1439
5837	62.00	\N	1439
5838	62.00	\N	1439
5839	62.00	\N	1439
5840	62.00	\N	1439
5841	62.00	\N	1439
5842	62.00	\N	1440
5843	62.00	\N	1440
5844	62.00	\N	1440
5845	62.00	\N	1440
5846	62.00	\N	1441
5847	62.00	\N	1441
5848	62.00	\N	1441
5849	62.00	\N	1441
5850	62.00	\N	1441
5851	62.00	\N	1442
5852	62.00	\N	1442
5853	62.00	\N	1442
5854	62.00	\N	1442
5855	62.00	\N	1443
5856	62.00	\N	1443
5857	62.00	\N	1443
5858	62.00	\N	1443
5859	62.00	\N	1443
5860	62.00	\N	1443
5861	62.00	\N	1443
5862	62.00	\N	1443
5863	62.00	\N	1444
5864	62.00	\N	1444
5865	62.00	\N	1444
5866	62.00	\N	1444
5867	62.00	\N	1444
5868	62.00	\N	1444
5869	62.00	\N	1444
5870	62.00	\N	1445
5871	62.00	\N	1445
5872	62.00	\N	1445
5873	62.00	\N	1445
5874	62.00	\N	1445
5875	62.00	\N	1445
5876	62.00	\N	1445
5877	62.00	\N	1446
5878	62.00	\N	1446
5879	62.00	\N	1446
5880	62.00	\N	1446
5881	62.00	\N	1447
5882	62.00	\N	1447
5883	62.00	\N	1447
5884	62.00	\N	1447
5885	62.00	\N	1448
5886	62.00	\N	1448
5887	62.00	\N	1448
5888	62.00	\N	1448
5889	62.00	\N	1448
5890	62.00	\N	1449
5891	62.00	\N	1449
5892	62.00	\N	1449
5893	62.00	\N	1449
5894	62.00	\N	1449
5895	62.00	\N	1449
5896	62.00	\N	1450
5897	62.00	\N	1450
5898	62.00	\N	1450
5899	62.00	\N	1450
5900	62.00	\N	1450
5901	62.00	\N	1450
5902	62.00	\N	1451
5903	62.00	\N	1451
5904	62.00	\N	1451
5905	62.00	\N	1451
5906	62.00	\N	1451
5907	62.00	\N	1451
5908	62.00	\N	1451
5909	62.00	\N	1452
5910	62.00	\N	1452
5911	62.00	\N	1452
5912	62.00	\N	1452
5913	62.00	\N	1452
5914	62.00	\N	1452
5915	62.00	\N	1452
5916	62.00	\N	1452
5917	62.00	\N	1453
5918	62.00	\N	1453
5919	62.00	\N	1453
5920	62.00	\N	1453
5921	62.00	\N	1453
5922	62.00	\N	1453
5923	62.00	\N	1454
5924	62.00	\N	1454
5925	62.00	\N	1454
5926	62.00	\N	1454
5927	62.00	\N	1454
5928	62.00	\N	1455
5929	62.00	\N	1455
5930	62.00	\N	1455
5931	62.00	\N	1455
5932	62.00	\N	1455
5933	62.00	\N	1455
5934	62.00	\N	1456
5935	62.00	\N	1456
5936	62.00	\N	1456
5937	62.00	\N	1456
5938	62.00	\N	1456
5939	62.00	\N	1456
5940	62.00	\N	1456
5941	62.00	\N	1456
5942	62.00	\N	1457
5943	62.00	\N	1457
5944	62.00	\N	1457
5945	62.00	\N	1457
5946	62.00	\N	1457
5947	62.00	\N	1457
5948	62.00	\N	1457
5949	62.00	\N	1457
5950	62.00	\N	1458
5951	62.00	\N	1458
5952	62.00	\N	1458
5953	62.00	\N	1458
5954	62.00	\N	1458
5955	62.00	\N	1458
5956	62.00	\N	1458
5957	62.00	\N	1459
5958	62.00	\N	1459
5959	62.00	\N	1459
5960	62.00	\N	1459
5961	62.00	\N	1459
5962	62.00	\N	1460
5963	62.00	\N	1460
5964	62.00	\N	1460
5965	62.00	\N	1460
5966	62.00	\N	1460
5967	62.00	\N	1460
5968	62.00	\N	1461
5969	62.00	\N	1461
5970	62.00	\N	1461
5971	62.00	\N	1461
5972	62.00	\N	1462
5973	62.00	\N	1462
5974	62.00	\N	1462
5975	62.00	\N	1462
5976	62.00	\N	1462
5977	62.00	\N	1463
5978	62.00	\N	1463
5979	62.00	\N	1463
5980	62.00	\N	1463
5981	62.00	\N	1464
5982	62.00	\N	1464
5983	62.00	\N	1464
5984	62.00	\N	1464
5985	62.00	\N	1464
5986	62.00	\N	1464
5987	62.00	\N	1464
5988	62.00	\N	1464
5989	62.00	\N	1465
5990	62.00	\N	1465
5991	62.00	\N	1465
5992	62.00	\N	1465
5993	62.00	\N	1466
5994	62.00	\N	1466
5995	62.00	\N	1466
5996	62.00	\N	1466
5997	62.00	\N	1466
5998	62.00	\N	1467
5999	62.00	\N	1467
6000	62.00	\N	1467
6001	62.00	\N	1467
6002	62.00	\N	1468
6003	62.00	\N	1468
6004	62.00	\N	1468
6005	62.00	\N	1468
6006	62.00	\N	1468
6007	62.00	\N	1468
6008	62.00	\N	1468
6009	62.00	\N	1469
6010	62.00	\N	1469
6011	62.00	\N	1469
6012	62.00	\N	1469
6013	62.00	\N	1469
6014	62.00	\N	1469
6015	62.00	\N	1469
6016	62.00	\N	1470
6017	62.00	\N	1470
6018	62.00	\N	1470
6019	62.00	\N	1470
6020	62.00	\N	1470
6021	62.00	\N	1470
6022	62.00	\N	1471
6023	62.00	\N	1471
6024	62.00	\N	1471
6025	62.00	\N	1471
6026	62.00	\N	1471
6027	62.00	\N	1472
6028	62.00	\N	1472
6029	62.00	\N	1472
6030	62.00	\N	1472
6031	62.00	\N	1472
6032	62.00	\N	1472
6033	62.00	\N	1473
6034	62.00	\N	1473
6035	62.00	\N	1473
6036	62.00	\N	1473
6037	62.00	\N	1474
6038	62.00	\N	1474
6039	62.00	\N	1474
6040	62.00	\N	1474
6041	62.00	\N	1474
6042	62.00	\N	1474
6043	62.00	\N	1474
6044	62.00	\N	1474
6045	62.00	\N	1475
6046	62.00	\N	1475
6047	62.00	\N	1475
6048	62.00	\N	1475
6049	62.00	\N	1475
6050	62.00	\N	1475
6051	62.00	\N	1476
6052	62.00	\N	1476
6053	62.00	\N	1476
6054	62.00	\N	1476
6055	62.00	\N	1477
6056	62.00	\N	1477
6057	62.00	\N	1477
6058	62.00	\N	1477
6059	62.00	\N	1478
6060	62.00	\N	1478
6061	62.00	\N	1478
6062	62.00	\N	1478
6063	62.00	\N	1478
6064	62.00	\N	1478
6065	62.00	\N	1478
6066	62.00	\N	1478
6067	62.00	\N	1479
6068	62.00	\N	1479
6069	62.00	\N	1479
6070	62.00	\N	1479
6071	62.00	\N	1479
6072	62.00	\N	1479
6073	62.00	\N	1479
6074	62.00	\N	1479
6075	62.00	\N	1480
6076	62.00	\N	1480
6077	62.00	\N	1480
6078	62.00	\N	1480
6079	62.00	\N	1480
6080	62.00	\N	1480
6081	62.00	\N	1480
6082	62.00	\N	1480
6083	62.00	\N	1481
6084	62.00	\N	1481
6085	62.00	\N	1481
6086	62.00	\N	1481
6087	62.00	\N	1482
6088	62.00	\N	1482
6089	62.00	\N	1482
6090	62.00	\N	1482
6091	62.00	\N	1482
6092	62.00	\N	1482
6093	62.00	\N	1483
6094	62.00	\N	1483
6095	62.00	\N	1483
6096	62.00	\N	1483
6097	62.00	\N	1483
6098	62.00	\N	1483
6099	62.00	\N	1484
6100	62.00	\N	1484
6101	62.00	\N	1484
6102	62.00	\N	1484
6103	62.00	\N	1485
6104	62.00	\N	1485
6105	62.00	\N	1485
6106	62.00	\N	1485
6107	62.00	\N	1485
6108	62.00	\N	1485
6109	62.00	\N	1485
6110	62.00	\N	1485
6111	62.00	\N	1486
6112	62.00	\N	1486
6113	62.00	\N	1486
6114	62.00	\N	1486
6115	62.00	\N	1487
6116	62.00	\N	1487
6117	62.00	\N	1487
6118	62.00	\N	1487
6119	62.00	\N	1487
6120	62.00	\N	1487
6121	62.00	\N	1487
6122	62.00	\N	1487
6123	62.00	\N	1488
6124	62.00	\N	1488
6125	62.00	\N	1488
6126	62.00	\N	1488
6127	62.00	\N	1488
6128	62.00	\N	1488
6129	62.00	\N	1489
6130	62.00	\N	1489
6131	62.00	\N	1489
6132	62.00	\N	1489
6133	62.00	\N	1489
6134	62.00	\N	1489
6135	62.00	\N	1489
6136	62.00	\N	1490
6137	62.00	\N	1490
6138	62.00	\N	1490
6139	62.00	\N	1490
6140	62.00	\N	1490
6141	62.00	\N	1490
6142	62.00	\N	1491
6143	62.00	\N	1491
6144	62.00	\N	1491
6145	62.00	\N	1491
6146	62.00	\N	1491
6147	62.00	\N	1491
6148	62.00	\N	1491
6149	62.00	\N	1492
6150	62.00	\N	1492
6151	62.00	\N	1492
6152	62.00	\N	1492
6153	62.00	\N	1492
6154	62.00	\N	1492
6155	62.00	\N	1492
6156	62.00	\N	1492
6157	62.00	\N	1493
6158	62.00	\N	1493
6159	62.00	\N	1493
6160	62.00	\N	1493
6161	62.00	\N	1493
6162	62.00	\N	1494
6163	62.00	\N	1494
6164	62.00	\N	1494
6165	62.00	\N	1494
6166	62.00	\N	1495
6167	62.00	\N	1495
6168	62.00	\N	1495
6169	62.00	\N	1495
6170	62.00	\N	1495
6171	62.00	\N	1496
6172	62.00	\N	1496
6173	62.00	\N	1496
6174	62.00	\N	1496
6175	62.00	\N	1496
6176	62.00	\N	1497
6177	62.00	\N	1497
6178	62.00	\N	1497
6179	62.00	\N	1497
6180	62.00	\N	1497
6181	62.00	\N	1497
6182	62.00	\N	1497
6183	62.00	\N	1497
6184	62.00	\N	1498
6185	62.00	\N	1498
6186	62.00	\N	1498
6187	62.00	\N	1498
6188	62.00	\N	1498
6189	62.00	\N	1499
6190	62.00	\N	1499
6191	62.00	\N	1499
6192	62.00	\N	1499
6193	62.00	\N	1500
6194	62.00	\N	1500
6195	62.00	\N	1500
6196	62.00	\N	1500
6197	62.00	\N	1500
6198	62.00	\N	1500
6199	62.00	\N	1501
6200	62.00	\N	1501
6201	62.00	\N	1501
6202	62.00	\N	1501
6203	62.00	\N	1501
6204	62.00	\N	1501
6205	62.00	\N	1502
6206	62.00	\N	1502
6207	62.00	\N	1502
6208	62.00	\N	1502
6209	62.00	\N	1503
6210	62.00	\N	1503
6211	62.00	\N	1503
6212	62.00	\N	1503
6213	62.00	\N	1504
6214	62.00	\N	1504
6215	62.00	\N	1504
6216	62.00	\N	1504
6217	62.00	\N	1504
6218	62.00	\N	1504
6219	62.00	\N	1504
6220	62.00	\N	1505
6221	62.00	\N	1505
6222	62.00	\N	1505
6223	62.00	\N	1505
6224	62.00	\N	1506
6225	62.00	\N	1506
6226	62.00	\N	1506
6227	62.00	\N	1506
6228	62.00	\N	1506
6229	62.00	\N	1506
6230	62.00	\N	1507
6231	62.00	\N	1507
6232	62.00	\N	1507
6233	62.00	\N	1507
6234	62.00	\N	1507
6235	62.00	\N	1508
6236	62.00	\N	1508
6237	62.00	\N	1508
6238	62.00	\N	1508
6239	62.00	\N	1508
6240	62.00	\N	1508
6241	62.00	\N	1508
6242	62.00	\N	1508
6243	62.00	\N	1509
6244	62.00	\N	1509
6245	62.00	\N	1509
6246	62.00	\N	1509
6247	62.00	\N	1509
6248	62.00	\N	1509
6249	62.00	\N	1509
6250	62.00	\N	1510
6251	62.00	\N	1510
6252	62.00	\N	1510
6253	62.00	\N	1510
6254	62.00	\N	1511
6255	62.00	\N	1511
6256	62.00	\N	1511
6257	62.00	\N	1511
6258	62.00	\N	1511
6259	62.00	\N	1512
6260	62.00	\N	1512
6261	62.00	\N	1512
6262	62.00	\N	1512
6263	62.00	\N	1512
6264	62.00	\N	1512
6265	62.00	\N	1512
6266	62.00	\N	1512
6267	62.00	\N	1513
6268	62.00	\N	1513
6269	62.00	\N	1513
6270	62.00	\N	1513
6271	62.00	\N	1513
6272	62.00	\N	1513
6273	62.00	\N	1513
6274	62.00	\N	1513
6275	62.00	\N	1514
6276	62.00	\N	1514
6277	62.00	\N	1514
6278	62.00	\N	1514
6279	62.00	\N	1514
6280	62.00	\N	1514
6281	62.00	\N	1515
6282	62.00	\N	1515
6283	62.00	\N	1515
6284	62.00	\N	1515
6285	62.00	\N	1516
6286	62.00	\N	1516
6287	62.00	\N	1516
6288	62.00	\N	1516
6289	62.00	\N	1516
6290	62.00	\N	1516
6291	62.00	\N	1516
6292	62.00	\N	1517
6293	62.00	\N	1517
6294	62.00	\N	1517
6295	62.00	\N	1517
6296	62.00	\N	1517
6297	62.00	\N	1517
6298	62.00	\N	1517
6299	62.00	\N	1517
6300	62.00	\N	1518
6301	62.00	\N	1518
6302	62.00	\N	1518
6303	62.00	\N	1518
6304	62.00	\N	1518
6305	62.00	\N	1518
6306	62.00	\N	1518
6307	62.00	\N	1519
6308	62.00	\N	1519
6309	62.00	\N	1519
6310	62.00	\N	1519
6311	62.00	\N	1519
6312	62.00	\N	1520
6313	62.00	\N	1520
6314	62.00	\N	1520
6315	62.00	\N	1520
6316	62.00	\N	1520
6317	62.00	\N	1520
6318	62.00	\N	1520
6319	62.00	\N	1521
6320	62.00	\N	1521
6321	62.00	\N	1521
6322	62.00	\N	1521
6323	62.00	\N	1521
6324	62.00	\N	1521
6325	62.00	\N	1521
6326	62.00	\N	1521
6327	62.00	\N	1522
6328	62.00	\N	1522
6329	62.00	\N	1522
6330	62.00	\N	1522
6331	62.00	\N	1522
6332	62.00	\N	1522
6333	62.00	\N	1522
6334	62.00	\N	1522
6335	62.00	\N	1523
6336	62.00	\N	1523
6337	62.00	\N	1523
6338	62.00	\N	1523
6339	62.00	\N	1523
6340	62.00	\N	1523
6341	62.00	\N	1524
6342	62.00	\N	1524
6343	62.00	\N	1524
6344	62.00	\N	1524
6345	62.00	\N	1524
6346	62.00	\N	1524
6347	62.00	\N	1524
6348	62.00	\N	1525
6349	62.00	\N	1525
6350	62.00	\N	1525
6351	62.00	\N	1525
6352	62.00	\N	1525
6353	62.00	\N	1525
6354	62.00	\N	1526
6355	62.00	\N	1526
6356	62.00	\N	1526
6357	62.00	\N	1526
6358	62.00	\N	1526
6359	62.00	\N	1527
6360	62.00	\N	1527
6361	62.00	\N	1527
6362	62.00	\N	1527
6363	62.00	\N	1527
6364	62.00	\N	1527
6365	62.00	\N	1527
6366	62.00	\N	1527
6367	62.00	\N	1528
6368	62.00	\N	1528
6369	62.00	\N	1528
6370	62.00	\N	1528
6371	62.00	\N	1529
6372	62.00	\N	1529
6373	62.00	\N	1529
6374	62.00	\N	1529
6375	62.00	\N	1529
6376	62.00	\N	1529
6377	62.00	\N	1529
6378	62.00	\N	1530
6379	62.00	\N	1530
6380	62.00	\N	1530
6381	62.00	\N	1530
6382	62.00	\N	1530
6383	62.00	\N	1531
6384	62.00	\N	1531
6385	62.00	\N	1531
6386	62.00	\N	1531
6387	62.00	\N	1531
6388	62.00	\N	1531
6389	62.00	\N	1532
6390	62.00	\N	1532
6391	62.00	\N	1532
6392	62.00	\N	1532
6393	62.00	\N	1532
6394	62.00	\N	1533
6395	62.00	\N	1533
6396	62.00	\N	1533
6397	62.00	\N	1533
6398	62.00	\N	1533
6399	62.00	\N	1534
6400	62.00	\N	1534
6401	62.00	\N	1534
6402	62.00	\N	1534
6403	62.00	\N	1534
6404	62.00	\N	1534
6405	62.00	\N	1534
6406	62.00	\N	1535
6407	62.00	\N	1535
6408	62.00	\N	1535
6409	62.00	\N	1535
6410	62.00	\N	1535
6411	62.00	\N	1535
6412	62.00	\N	1535
6413	62.00	\N	1536
6414	62.00	\N	1536
6415	62.00	\N	1536
6416	62.00	\N	1536
6417	62.00	\N	1536
6418	62.00	\N	1537
6419	62.00	\N	1537
6420	62.00	\N	1537
6421	62.00	\N	1537
6422	62.00	\N	1538
6423	62.00	\N	1538
6424	62.00	\N	1538
6425	62.00	\N	1538
6426	62.00	\N	1538
6427	62.00	\N	1538
6428	62.00	\N	1539
6429	62.00	\N	1539
6430	62.00	\N	1539
6431	62.00	\N	1539
6432	62.00	\N	1539
6433	62.00	\N	1539
6434	62.00	\N	1539
6435	62.00	\N	1539
6436	62.00	\N	1540
6437	62.00	\N	1540
6438	62.00	\N	1540
6439	62.00	\N	1540
6440	62.00	\N	1540
6441	62.00	\N	1541
6442	62.00	\N	1541
6443	62.00	\N	1541
6444	62.00	\N	1541
6445	62.00	\N	1542
6446	62.00	\N	1542
6447	62.00	\N	1542
6448	62.00	\N	1542
6449	62.00	\N	1543
6450	62.00	\N	1543
6451	62.00	\N	1543
6452	62.00	\N	1543
6453	62.00	\N	1544
6454	62.00	\N	1544
6455	62.00	\N	1544
6456	62.00	\N	1544
6457	62.00	\N	1545
6458	62.00	\N	1545
6459	62.00	\N	1545
6460	62.00	\N	1545
6461	62.00	\N	1545
6462	62.00	\N	1546
6463	62.00	\N	1546
6464	62.00	\N	1546
6465	62.00	\N	1546
6466	62.00	\N	1546
6467	62.00	\N	1547
6468	62.00	\N	1547
6469	62.00	\N	1547
6470	62.00	\N	1547
6471	62.00	\N	1548
6472	62.00	\N	1548
6473	62.00	\N	1548
6474	62.00	\N	1548
6475	62.00	\N	1548
6476	62.00	\N	1548
6477	62.00	\N	1548
6478	62.00	\N	1549
6479	62.00	\N	1549
6480	62.00	\N	1549
6481	62.00	\N	1549
6482	62.00	\N	1549
6483	62.00	\N	1549
6484	62.00	\N	1549
6485	62.00	\N	1550
6486	62.00	\N	1550
6487	62.00	\N	1550
6488	62.00	\N	1550
6489	62.00	\N	1550
6490	62.00	\N	1550
6491	62.00	\N	1550
6492	62.00	\N	1550
6493	62.00	\N	1551
6494	62.00	\N	1551
6495	62.00	\N	1551
6496	62.00	\N	1551
6497	62.00	\N	1551
6498	62.00	\N	1551
6499	62.00	\N	1551
6500	62.00	\N	1551
6501	62.00	\N	1552
6502	62.00	\N	1552
6503	62.00	\N	1552
6504	62.00	\N	1552
6505	62.00	\N	1552
6506	62.00	\N	1552
6507	62.00	\N	1553
6508	62.00	\N	1553
6509	62.00	\N	1553
6510	62.00	\N	1553
6511	62.00	\N	1553
6512	62.00	\N	1553
6513	62.00	\N	1553
6514	62.00	\N	1553
6515	62.00	\N	1554
6516	62.00	\N	1554
6517	62.00	\N	1554
6518	62.00	\N	1554
6519	62.00	\N	1554
6520	62.00	\N	1554
6521	62.00	\N	1555
6522	62.00	\N	1555
6523	62.00	\N	1555
6524	62.00	\N	1555
6525	62.00	\N	1556
6526	62.00	\N	1556
6527	62.00	\N	1556
6528	62.00	\N	1556
6529	62.00	\N	1557
6530	62.00	\N	1557
6531	62.00	\N	1557
6532	62.00	\N	1557
6533	62.00	\N	1557
6534	62.00	\N	1558
6535	62.00	\N	1558
6536	62.00	\N	1558
6537	62.00	\N	1558
6538	62.00	\N	1558
6539	62.00	\N	1558
6540	62.00	\N	1559
6541	62.00	\N	1559
6542	62.00	\N	1559
6543	62.00	\N	1559
6544	62.00	\N	1559
6545	62.00	\N	1560
6546	62.00	\N	1560
6547	62.00	\N	1560
6548	62.00	\N	1560
6549	62.00	\N	1560
6550	62.00	\N	1560
6551	62.00	\N	1560
6552	62.00	\N	1561
6553	62.00	\N	1561
6554	62.00	\N	1561
6555	62.00	\N	1561
6556	62.00	\N	1561
6557	62.00	\N	1561
6558	62.00	\N	1562
6559	62.00	\N	1562
6560	62.00	\N	1562
6561	62.00	\N	1562
6562	62.00	\N	1563
6563	62.00	\N	1563
6564	62.00	\N	1563
6565	62.00	\N	1563
6566	62.00	\N	1563
6567	62.00	\N	1563
6568	62.00	\N	1563
6569	62.00	\N	1563
6570	62.00	\N	1564
6571	62.00	\N	1564
6572	62.00	\N	1564
6573	62.00	\N	1564
6574	62.00	\N	1564
6575	62.00	\N	1564
6576	62.00	\N	1564
6577	62.00	\N	1564
6578	62.00	\N	1565
6579	62.00	\N	1565
6580	62.00	\N	1565
6581	62.00	\N	1565
6582	62.00	\N	1566
6583	62.00	\N	1566
6584	62.00	\N	1566
6585	62.00	\N	1566
6586	62.00	\N	1566
6587	62.00	\N	1566
6588	62.00	\N	1566
6589	62.00	\N	1566
6590	62.00	\N	1567
6591	62.00	\N	1567
6592	62.00	\N	1567
6593	62.00	\N	1567
6594	62.00	\N	1567
6595	62.00	\N	1567
6596	62.00	\N	1567
6597	62.00	\N	1568
6598	62.00	\N	1568
6599	62.00	\N	1568
6600	62.00	\N	1568
6601	62.00	\N	1568
6602	62.00	\N	1568
6603	62.00	\N	1568
6604	62.00	\N	1568
6605	62.00	\N	1569
6606	62.00	\N	1569
6607	62.00	\N	1569
6608	62.00	\N	1569
6609	62.00	\N	1569
6610	62.00	\N	1570
6611	62.00	\N	1570
6612	62.00	\N	1570
6613	62.00	\N	1570
6614	62.00	\N	1570
6615	62.00	\N	1570
6616	62.00	\N	1570
6617	62.00	\N	1570
6618	62.00	\N	1571
6619	62.00	\N	1571
6620	62.00	\N	1571
6621	62.00	\N	1571
6622	62.00	\N	1571
6623	62.00	\N	1571
6624	62.00	\N	1571
6625	62.00	\N	1572
6626	62.00	\N	1572
6627	62.00	\N	1572
6628	62.00	\N	1572
6629	62.00	\N	1572
6630	62.00	\N	1572
6631	62.00	\N	1572
6632	62.00	\N	1573
6633	62.00	\N	1573
6634	62.00	\N	1573
6635	62.00	\N	1573
6636	62.00	\N	1573
6637	62.00	\N	1573
6638	62.00	\N	1573
6639	62.00	\N	1573
6640	62.00	\N	1574
6641	62.00	\N	1574
6642	62.00	\N	1574
6643	62.00	\N	1574
6644	62.00	\N	1574
6645	62.00	\N	1574
6646	62.00	\N	1574
6647	62.00	\N	1575
6648	62.00	\N	1575
6649	62.00	\N	1575
6650	62.00	\N	1575
6651	62.00	\N	1575
6652	62.00	\N	1575
6653	62.00	\N	1576
6654	62.00	\N	1576
6655	62.00	\N	1576
6656	62.00	\N	1576
6657	62.00	\N	1576
6658	62.00	\N	1576
6659	62.00	\N	1576
6660	62.00	\N	1577
6661	62.00	\N	1577
6662	62.00	\N	1577
6663	62.00	\N	1577
6664	62.00	\N	1578
6665	62.00	\N	1578
6666	62.00	\N	1578
6667	62.00	\N	1578
6668	62.00	\N	1578
6669	62.00	\N	1578
6670	62.00	\N	1578
6671	62.00	\N	1579
6672	62.00	\N	1579
6673	62.00	\N	1579
6674	62.00	\N	1579
6675	62.00	\N	1579
6676	62.00	\N	1579
6677	62.00	\N	1579
6678	62.00	\N	1580
6679	62.00	\N	1580
6680	62.00	\N	1580
6681	62.00	\N	1580
6682	62.00	\N	1581
6683	62.00	\N	1581
6684	62.00	\N	1581
6685	62.00	\N	1581
6686	62.00	\N	1581
6687	62.00	\N	1582
6688	62.00	\N	1582
6689	62.00	\N	1582
6690	62.00	\N	1582
6691	62.00	\N	1582
6692	62.00	\N	1583
6693	62.00	\N	1583
6694	62.00	\N	1583
6695	62.00	\N	1583
6696	62.00	\N	1584
6697	62.00	\N	1584
6698	62.00	\N	1584
6699	62.00	\N	1584
6700	62.00	\N	1584
6701	62.00	\N	1584
6702	62.00	\N	1584
6703	62.00	\N	1584
6704	62.00	\N	1585
6705	62.00	\N	1585
6706	62.00	\N	1585
6707	62.00	\N	1585
6708	62.00	\N	1585
6709	62.00	\N	1585
6710	62.00	\N	1585
6711	62.00	\N	1586
6712	62.00	\N	1586
6713	62.00	\N	1586
6714	62.00	\N	1586
6715	62.00	\N	1586
6716	62.00	\N	1586
6717	62.00	\N	1587
6718	62.00	\N	1587
6719	62.00	\N	1587
6720	62.00	\N	1587
6721	62.00	\N	1587
6722	62.00	\N	1587
6723	62.00	\N	1587
6724	62.00	\N	1588
6725	62.00	\N	1588
6726	62.00	\N	1588
6727	62.00	\N	1588
6728	62.00	\N	1588
6729	62.00	\N	1588
6730	62.00	\N	1589
6731	62.00	\N	1589
6732	62.00	\N	1589
6733	62.00	\N	1589
6734	62.00	\N	1589
6735	62.00	\N	1590
6736	62.00	\N	1590
6737	62.00	\N	1590
6738	62.00	\N	1590
6739	62.00	\N	1590
6740	62.00	\N	1590
6741	62.00	\N	1590
6742	62.00	\N	1591
6743	62.00	\N	1591
6744	62.00	\N	1591
6745	62.00	\N	1591
6746	62.00	\N	1591
6747	62.00	\N	1591
6748	62.00	\N	1592
6749	62.00	\N	1592
6750	62.00	\N	1592
